id,value
Seccion : {PROCEDIMIENTOS QUIRURGICOS} Capitulo : {NARIZ  BOCA Y FARINGE} Grupo : {NARIZ  BOCA Y FARINGE} SubGrupo: {ANTROTOMIA INTRANASAL},10
Seccion : {PROCEDIMIENTOS QUIRURGICOS} Capitulo : {NARIZ  BOCA Y FARINGE} Grupo : {NARIZ  BOCA Y FARINGE} SubGrupo: {ANTROTOMIA MAXILAR EXTERNA},2
Seccion : {PROCEDIMIENTOS QUIRURGICOS} Capitulo : {NARIZ  BOCA Y FARINGE} Grupo : {NARIZ  BOCA Y FARINGE} SubGrupo: {NARIZ  BOCA Y FARINGE},343
Seccion : {PROCEDIMIENTOS QUIRURGICOS} Capitulo : {NARIZ  BOCA Y FARINGE} Grupo : {NARIZ  BOCA Y FARINGE} SubGrupo: {OTRA SINUSECTOMIA (ESCISION DE LESION) PARANASAL},114
Seccion : {PROCEDIMIENTOS QUIRURGICOS} Capitulo : {NARIZ  BOCA Y FARINGE} Grupo : {NARIZ  BOCA Y FARINGE} SubGrupo: {OTRA SINUSOTOMIA PARANASAL},31
Seccion : {PROCEDIMIENTOS QUIRURGICOS} Capitulo : {NARIZ  BOCA Y FARINGE} Grupo : {NARIZ  BOCA Y FARINGE} SubGrupo: {PROCEDIMIENTOS DIAGNOSTICOS EN SENOS PARANASALES},19
Seccion : {PROCEDIMIENTOS QUIRURGICOS} Capitulo : {NARIZ  BOCA Y FARINGE} Grupo : {NARIZ  BOCA Y FARINGE} SubGrupo: {SINUSOTOMIAS Y SINUSECTOMIAS FRONTALES},16
Seccion : {PROCEDIMIENTOS QUIRURGICOS} Capitulo : {NARIZ  BOCA Y FARINGE} Grupo : {PROCEDIMIENTOS E INTERVENCIONES EN LENGUA} SubGrupo: {GLOSECTOMIAS PARCIALES},4
Seccion : {PROCEDIMIENTOS QUIRURGICOS} Capitulo : {NARIZ  BOCA Y FARINGE} Grupo : {PROCEDIMIENTOS E INTERVENCIONES EN LENGUA} SubGrupo: {GLOSECTOMIAS TOTALES},1
Seccion : {PROCEDIMIENTOS QUIRURGICOS} Capitulo : {NARIZ  BOCA Y FARINGE} Grupo : {PROCEDIMIENTOS E INTERVENCIONES EN LENGUA} SubGrupo: {OTROS PROCEDIMIENTOS DE LENGUA},12
Seccion : {PROCEDIMIENTOS QUIRURGICOS} Capitulo : {NARIZ  BOCA Y FARINGE} Grupo : {PROCEDIMIENTOS E INTERVENCIONES EN LENGUA} SubGrupo: {PROCEDIMIENTOS DIAGNOSTICOS EN LENGUA},1
Seccion : {PROCEDIMIENTOS QUIRURGICOS} Capitulo : {NARIZ  BOCA Y FARINGE} Grupo : {PROCEDIMIENTOS E INTERVENCIONES EN LENGUA} SubGrupo: {REPARACION DE LENGUA Y GLOSOPLASTIA},10
Seccion : {PROCEDIMIENTOS QUIRURGICOS} Capitulo : {NARIZ  BOCA Y FARINGE} Grupo : {PROCEDIMIENTOS E INTERVENCIONES EN LENGUA} SubGrupo: {RESECCION},2
Seccion : {PROCEDIMIENTOS QUIRURGICOS} Capitulo : {NARIZ  BOCA Y FARINGE} Grupo : {PROCEDIMIENTOS EN AMIGDALAS Y ADENOIDES} SubGrupo: {ADENOAMIGDALECTOMIA SOD},122
Seccion : {PROCEDIMIENTOS QUIRURGICOS} Capitulo : {NARIZ  BOCA Y FARINGE} Grupo : {PROCEDIMIENTOS EN AMIGDALAS Y ADENOIDES} SubGrupo: {ADENOIDECTOMIAS},127
Seccion : {PROCEDIMIENTOS QUIRURGICOS} Capitulo : {NARIZ  BOCA Y FARINGE} Grupo : {PROCEDIMIENTOS EN AMIGDALAS Y ADENOIDES} SubGrupo: {AMIGDALECTOMIAS},59
Seccion : {PROCEDIMIENTOS QUIRURGICOS} Capitulo : {NARIZ  BOCA Y FARINGE} Grupo : {PROCEDIMIENTOS EN AMIGDALAS Y ADENOIDES} SubGrupo: {CONTROL DE HEMORRAGIA DESPUES DE AMIGADALECTOMIA Y ADENOIDECTOMIA},6
Seccion : {PROCEDIMIENTOS QUIRURGICOS} Capitulo : {NARIZ  BOCA Y FARINGE} Grupo : {PROCEDIMIENTOS EN DIENTES} SubGrupo: {EXODONCIA QUIRURGICA (EXTRACCION QUIRURGICA DE DIENTES)},204
Seccion : {PROCEDIMIENTOS QUIRURGICOS} Capitulo : {NARIZ  BOCA Y FARINGE} Grupo : {PROCEDIMIENTOS EN DIENTES} SubGrupo: {EXODONCIA SIMPLE},536
Seccion : {PROCEDIMIENTOS QUIRURGICOS} Capitulo : {NARIZ  BOCA Y FARINGE} Grupo : {PROCEDIMIENTOS EN DIENTES} SubGrupo: {IMPLANTE DENTAL PROTESICO},122
Seccion : {PROCEDIMIENTOS QUIRURGICOS} Capitulo : {NARIZ  BOCA Y FARINGE} Grupo : {PROCEDIMIENTOS EN DIENTES} SubGrupo: {INSERCION DE CORONAS Y PROTESIS},2945
Seccion : {PROCEDIMIENTOS QUIRURGICOS} Capitulo : {NARIZ  BOCA Y FARINGE} Grupo : {PROCEDIMIENTOS EN DIENTES} SubGrupo: {RESTAURACION DE DIENTES MEDIANTE INCRUSTACIONES},14
Seccion : {PROCEDIMIENTOS QUIRURGICOS} Capitulo : {NARIZ  BOCA Y FARINGE} Grupo : {PROCEDIMIENTOS EN DIENTES} SubGrupo: {RESTAURACION DE DIENTES MEDIANTE OBTURACIONES},7734
Seccion : {PROCEDIMIENTOS QUIRURGICOS} Capitulo : {NARIZ  BOCA Y FARINGE} Grupo : {PROCEDIMIENTOS EN DIENTES} SubGrupo: {TERAPIA DE CONDUCTO RADICULAR Y PROCEDIMIENTOS ENDODONTICOS},995
Seccion : {PROCEDIMIENTOS QUIRURGICOS} Capitulo : {NARIZ  BOCA Y FARINGE} Grupo : {PROCEDIMIENTOS EN DIENTES ENCIAS Y ALVEOLOS (TERAPIA PERIODONTA)} SubGrupo: {ALVEOLOPLASTIA},19
Seccion : {PROCEDIMIENTOS QUIRURGICOS} Capitulo : {NARIZ  BOCA Y FARINGE} Grupo : {PROCEDIMIENTOS EN DIENTES ENCIAS Y ALVEOLOS (TERAPIA PERIODONTA)} SubGrupo: {APLICACION DE DISPOSITIVO ORTODONTICO (ORTODONCIA Y ORTOPEDIA)},857
Seccion : {PROCEDIMIENTOS QUIRURGICOS} Capitulo : {NARIZ  BOCA Y FARINGE} Grupo : {PROCEDIMIENTOS EN DIENTES ENCIAS Y ALVEOLOS (TERAPIA PERIODONTA)} SubGrupo: {CONTROL DE HEMORRAGIA DE ORIGEN DENTAL},19
Seccion : {PROCEDIMIENTOS QUIRURGICOS} Capitulo : {NARIZ  BOCA Y FARINGE} Grupo : {PROCEDIMIENTOS EN DIENTES ENCIAS Y ALVEOLOS (TERAPIA PERIODONTA)} SubGrupo: {ESCISION DE LESION MAXILAR DE ORIGEN DENTARIO},3
Seccion : {PROCEDIMIENTOS QUIRURGICOS} Capitulo : {NARIZ  BOCA Y FARINGE} Grupo : {PROCEDIMIENTOS EN DIENTES ENCIAS Y ALVEOLOS (TERAPIA PERIODONTA)} SubGrupo: {ESCISION DE LESION O TEJIDO DE ENCIA},40
Seccion : {PROCEDIMIENTOS QUIRURGICOS} Capitulo : {NARIZ  BOCA Y FARINGE} Grupo : {PROCEDIMIENTOS EN DIENTES ENCIAS Y ALVEOLOS (TERAPIA PERIODONTA)} SubGrupo: {INCISION DE ENCIA O HUESO ALVEOLAR},661
Seccion : {PROCEDIMIENTOS QUIRURGICOS} Capitulo : {NARIZ  BOCA Y FARINGE} Grupo : {PROCEDIMIENTOS EN DIENTES ENCIAS Y ALVEOLOS (TERAPIA PERIODONTA)} SubGrupo: {OTROS PROCEDIMIENTOS ORTODONTICOS},321
Seccion : {PROCEDIMIENTOS QUIRURGICOS} Capitulo : {NARIZ  BOCA Y FARINGE} Grupo : {PROCEDIMIENTOS EN DIENTES ENCIAS Y ALVEOLOS (TERAPIA PERIODONTA)} SubGrupo: {PROCEDIMIENTOS DIAGNOSTICOS EN DIENTES ENCIAS Y ALVEOLOS},1
Seccion : {PROCEDIMIENTOS QUIRURGICOS} Capitulo : {NARIZ  BOCA Y FARINGE} Grupo : {PROCEDIMIENTOS EN DIENTES ENCIAS Y ALVEOLOS (TERAPIA PERIODONTA)} SubGrupo: {REPARACION Y PLASTIA PERIODONTAL (CIRUGIA PERIODONTAL)},11
Seccion : {PROCEDIMIENTOS QUIRURGICOS} Capitulo : {NARIZ  BOCA Y FARINGE} Grupo : {PROCEDIMIENTOS EN FARINGE} SubGrupo: {ESCISION O ABLACION DE LESION O TEJIDO DE FARINGE},5
Seccion : {PROCEDIMIENTOS QUIRURGICOS} Capitulo : {NARIZ  BOCA Y FARINGE} Grupo : {PROCEDIMIENTOS EN FARINGE} SubGrupo: {FARINGOTOMIA},2
Seccion : {PROCEDIMIENTOS QUIRURGICOS} Capitulo : {NARIZ  BOCA Y FARINGE} Grupo : {PROCEDIMIENTOS EN FARINGE} SubGrupo: {OTRA REPARACION DE FARINGE},4
Seccion : {PROCEDIMIENTOS QUIRURGICOS} Capitulo : {NARIZ  BOCA Y FARINGE} Grupo : {PROCEDIMIENTOS EN FARINGE} SubGrupo: {PROCEDIMIENTOS DIAGNOSTICOS EN FARINGE},24
Seccion : {PROCEDIMIENTOS QUIRURGICOS} Capitulo : {NARIZ  BOCA Y FARINGE} Grupo : {PROCEDIMIENTOS EN GLANDULAS Y CONDUCTOS SALIVALES} SubGrupo: {ESCISION DE LESION DE GLANDULA SALIVAL},1
Seccion : {PROCEDIMIENTOS QUIRURGICOS} Capitulo : {NARIZ  BOCA Y FARINGE} Grupo : {PROCEDIMIENTOS EN GLANDULAS Y CONDUCTOS SALIVALES} SubGrupo: {INCISION DE GLANDULA O CONDUCTO SALIVAL},2
Seccion : {PROCEDIMIENTOS QUIRURGICOS} Capitulo : {NARIZ  BOCA Y FARINGE} Grupo : {PROCEDIMIENTOS EN GLANDULAS Y CONDUCTOS SALIVALES} SubGrupo: {OTROS PROCEDIMIENTOS},4
Seccion : {PROCEDIMIENTOS QUIRURGICOS} Capitulo : {NARIZ  BOCA Y FARINGE} Grupo : {PROCEDIMIENTOS EN GLANDULAS Y CONDUCTOS SALIVALES} SubGrupo: {PROCEDIMIENTOS DIAGNOSTICOS EN GLANDULAS Y CONDUCTOS SALIVALES},7
Seccion : {PROCEDIMIENTOS QUIRURGICOS} Capitulo : {NARIZ  BOCA Y FARINGE} Grupo : {PROCEDIMIENTOS EN GLANDULAS Y CONDUCTOS SALIVALES} SubGrupo: {SIALOADENECTOMIA},11
Seccion : {PROCEDIMIENTOS QUIRURGICOS} Capitulo : {NARIZ  BOCA Y FARINGE} Grupo : {PROCEDIMIENTOS EN NARIZ} SubGrupo: {CONTROL DE EPISTAXIS},74
Seccion : {PROCEDIMIENTOS QUIRURGICOS} Capitulo : {NARIZ  BOCA Y FARINGE} Grupo : {PROCEDIMIENTOS EN NARIZ} SubGrupo: {OTROS PROCEDIMIENTOS EN NARIZ},9
Seccion : {PROCEDIMIENTOS QUIRURGICOS} Capitulo : {NARIZ  BOCA Y FARINGE} Grupo : {PROCEDIMIENTOS EN NARIZ} SubGrupo: {PROCEDIMIENTOS DIAGNOSTICOS EN NARIZ},4
Seccion : {PROCEDIMIENTOS QUIRURGICOS} Capitulo : {NARIZ  BOCA Y FARINGE} Grupo : {PROCEDIMIENTOS EN NARIZ} SubGrupo: {PROCEDIMIENTOS EN LA PIRAMIDE NASAL},641
Seccion : {PROCEDIMIENTOS QUIRURGICOS} Capitulo : {NARIZ  BOCA Y FARINGE} Grupo : {PROCEDIMIENTOS EN NARIZ} SubGrupo: {REDUCCION},110
Seccion : {PROCEDIMIENTOS QUIRURGICOS} Capitulo : {NARIZ  BOCA Y FARINGE} Grupo : {PROCEDIMIENTOS EN NARIZ} SubGrupo: {RESECCION  - ESCISION - ABLACION},35
Seccion : {PROCEDIMIENTOS QUIRURGICOS} Capitulo : {NARIZ  BOCA Y FARINGE} Grupo : {PROCEDIMIENTOS EN NARIZ} SubGrupo: {TURBINECTOMIA},2
Seccion : {PROCEDIMIENTOS QUIRURGICOS} Capitulo : {NARIZ  BOCA Y FARINGE} Grupo : {PROCEDIMIENTOS EN SENOS PARANASALES} SubGrupo: {PUNCION DE SENO MAXILAR},1
Seccion : {PROCEDIMIENTOS QUIRURGICOS} Capitulo : {SISTEMA AUDITIVO} Grupo : {OTROS PROCEDIMIENTOS EN EL OIDO MEDIO Y EL OIDO INTERNO} SubGrupo: {INCISION DE MASTOIDES Y OIDO MEDIO},14
Seccion : {PROCEDIMIENTOS QUIRURGICOS} Capitulo : {SISTEMA AUDITIVO} Grupo : {OTROS PROCEDIMIENTOS EN EL OIDO MEDIO Y EL OIDO INTERNO} SubGrupo: {MASTOIDECTOMIAS},9
Seccion : {PROCEDIMIENTOS QUIRURGICOS} Capitulo : {SISTEMA AUDITIVO} Grupo : {OTROS PROCEDIMIENTOS EN EL OIDO MEDIO Y EL OIDO INTERNO} SubGrupo: {RESECCION DE TUMOR GLOMICO},1
Seccion : {PROCEDIMIENTOS QUIRURGICOS} Capitulo : {SISTEMA AUDITIVO} Grupo : {OTROS PROCEDIMIENTOS EN EL OIDO MEDIO Y EL OIDO INTERNO} SubGrupo: {TIMPANOTOMIA},229
Seccion : {PROCEDIMIENTOS QUIRURGICOS} Capitulo : {SISTEMA AUDITIVO} Grupo : {PROCEDIMIENTOS EN OIDO EXTERNO} SubGrupo: {CORRECCION QUIRURGICA DE PABELLON AURICULAR PROMINENTE},3
Seccion : {PROCEDIMIENTOS QUIRURGICOS} Capitulo : {SISTEMA AUDITIVO} Grupo : {PROCEDIMIENTOS EN OIDO EXTERNO} SubGrupo: {ESCISION DE TEJIDO O ABLACION DE LESION DE OIDO EXTERNO},10
Seccion : {PROCEDIMIENTOS QUIRURGICOS} Capitulo : {SISTEMA AUDITIVO} Grupo : {PROCEDIMIENTOS EN OIDO EXTERNO} SubGrupo: {INCISION DE OIDO EXTERNO},32
Seccion : {PROCEDIMIENTOS QUIRURGICOS} Capitulo : {SISTEMA AUDITIVO} Grupo : {PROCEDIMIENTOS EN OIDO EXTERNO} SubGrupo: {OTRA REPARACION DEL OIDO EXTERNO},3
Seccion : {PROCEDIMIENTOS QUIRURGICOS} Capitulo : {SISTEMA AUDITIVO} Grupo : {PROCEDIMIENTOS EN OIDO EXTERNO} SubGrupo: {SUTURA DE LACERACION DE OIDO EXTERNO},4
Seccion : {PROCEDIMIENTOS QUIRURGICOS} Capitulo : {SISTEMA AUDITIVO} Grupo : {PROCEDIMIENTOS RECONSTRUCTIVOS EN OIDO MEDIO} SubGrupo: {ESTAPEDECTOMIA O ESTAPEDOTOMIA CON COLOCACION DE PROTESIS SOD},10
Seccion : {PROCEDIMIENTOS QUIRURGICOS} Capitulo : {SISTEMA AUDITIVO} Grupo : {PROCEDIMIENTOS RECONSTRUCTIVOS EN OIDO MEDIO} SubGrupo: {TIMPANOPLASTIA},18
Seccion : {PROCEDIMIENTOS QUIRURGICOS} Capitulo : {SISTEMA CIRCULATORIO} Grupo : {OTROS PROCEDIMIENTOS EN VASOS SANGUINEOS} SubGrupo: {EXPLORACION DE VASOS SANGUINEOS},49
Seccion : {PROCEDIMIENTOS QUIRURGICOS} Capitulo : {SISTEMA CIRCULATORIO} Grupo : {OTROS PROCEDIMIENTOS EN VASOS SANGUINEOS} SubGrupo: {OTRA REPARACION O RECONSTRUCCION DE VASOS SANGUINEOS},52
Seccion : {PROCEDIMIENTOS QUIRURGICOS} Capitulo : {SISTEMA CIRCULATORIO} Grupo : {OTROS PROCEDIMIENTOS EN VASOS SANGUINEOS} SubGrupo: {OTROS PROCEDIMIENTOS EN LOS VASOS SANGUINEOS},1515
Seccion : {PROCEDIMIENTOS QUIRURGICOS} Capitulo : {SISTEMA CIRCULATORIO} Grupo : {OTROS PROCEDIMIENTOS EN VASOS SANGUINEOS} SubGrupo: {PROCEDIMIENTOS EN CUERPO CAROTIDEO Y OTROS CUERPOS VASCULARES},3
Seccion : {PROCEDIMIENTOS QUIRURGICOS} Capitulo : {SISTEMA CIRCULATORIO} Grupo : {OTROS PROCEDIMIENTOS EN VASOS SANGUINEOS} SubGrupo: {RECONSTRUCCION ANASTOMOSIS O DERIVACION O PUENTES DE VASOS NO CORONARIOS},30
Seccion : {PROCEDIMIENTOS QUIRURGICOS} Capitulo : {SISTEMA CIRCULATORIO} Grupo : {OTROS PROCEDIMIENTOS EN VASOS SANGUINEOS} SubGrupo: {SUTURA DE VASO SANGUINEO},14
Seccion : {PROCEDIMIENTOS QUIRURGICOS} Capitulo : {SISTEMA CIRCULATORIO} Grupo : {PROCEDIMIENTOS EN CORAZON Y PERICARDIO} SubGrupo: {IMPLANTACION DE SISTEMA DE ASISTENCIA CARDIACA},5
Seccion : {PROCEDIMIENTOS QUIRURGICOS} Capitulo : {SISTEMA CIRCULATORIO} Grupo : {PROCEDIMIENTOS EN CORAZON Y PERICARDIO} SubGrupo: {INSERCION REVISION ELECTRODO},28
Seccion : {PROCEDIMIENTOS QUIRURGICOS} Capitulo : {SISTEMA CIRCULATORIO} Grupo : {PROCEDIMIENTOS EN CORAZON Y PERICARDIO} SubGrupo: {INSERCION (IMPLANTACION) REVISION SUSTITUCION O ELIMINACION DE DISPOSITIVO DE ESTIMULACION CARDIACA O REVISION DE BOLSILLO},128
Seccion : {PROCEDIMIENTOS QUIRURGICOS} Capitulo : {SISTEMA CIRCULATORIO} Grupo : {PROCEDIMIENTOS EN CORAZON Y PERICARDIO} SubGrupo: {OTROS PROCEDIMIENTOS EN CORAZON Y PERICARDIO},10
Seccion : {PROCEDIMIENTOS QUIRURGICOS} Capitulo : {SISTEMA CIRCULATORIO} Grupo : {PROCEDIMIENTOS EN CORAZON Y PERICARDIO} SubGrupo: {PERICARDIECTOMIA Y ESCISION DE LESION DE CORAZON},30
Seccion : {PROCEDIMIENTOS QUIRURGICOS} Capitulo : {SISTEMA CIRCULATORIO} Grupo : {PROCEDIMIENTOS EN CORAZON Y PERICARDIO} SubGrupo: {PROCEDIMIENTOS DIAGNOSTICOS EN CORAZON Y PERICARDIO},28
Seccion : {PROCEDIMIENTOS QUIRURGICOS} Capitulo : {SISTEMA CIRCULATORIO} Grupo : {PROCEDIMIENTOS EN CORAZON Y PERICARDIO} SubGrupo: {PROCEDIMIENTOS EN EL PERICARDIO},1
Seccion : {PROCEDIMIENTOS QUIRURGICOS} Capitulo : {SISTEMA CIRCULATORIO} Grupo : {PROCEDIMIENTOS EN CORAZON Y PERICARDIO} SubGrupo: {REPARACION DE CORAZON Y PERICARDIO},37
Seccion : {PROCEDIMIENTOS QUIRURGICOS} Capitulo : {SISTEMA CIRCULATORIO} Grupo : {PROCEDIMIENTOS EN CORAZON Y PERICARDIO} SubGrupo: {TRASPLANTE DE CORAZON},9
Seccion : {PROCEDIMIENTOS QUIRURGICOS} Capitulo : {SISTEMA CIRCULATORIO} Grupo : {PROCEDIMIENTOS EN VASOS CARDIACOS (CORONARIAS)} SubGrupo: {ABLACION O ELIMINACION DE OBSTRUCCION DE ARTERIA CON O SIN IMPLANTE DE DISPOSITIVO},159
Seccion : {PROCEDIMIENTOS QUIRURGICOS} Capitulo : {SISTEMA CIRCULATORIO} Grupo : {PROCEDIMIENTOS EN VASOS CARDIACOS (CORONARIAS)} SubGrupo: {ANASTOMOSIS PARA REVASCULARIZACION MIOCARDICA},29
Seccion : {PROCEDIMIENTOS QUIRURGICOS} Capitulo : {SISTEMA CIRCULATORIO} Grupo : {PROCEDIMIENTOS EN VASOS CARDIACOS (CORONARIAS)} SubGrupo: {OTRA REVASCULARIZACION CARDIACA},1
Seccion : {PROCEDIMIENTOS QUIRURGICOS} Capitulo : {SISTEMA CIRCULATORIO} Grupo : {PROCEDIMIENTOS EN VASOS CARDIACOS (CORONARIAS)} SubGrupo: {REVASCULARIZACION CARDIACA},2
Seccion : {PROCEDIMIENTOS QUIRURGICOS} Capitulo : {SISTEMA CIRCULATORIO} Grupo : {PROCEDIMIENTOS EN VASOS SANGUINEOS (INCISION ESCISION Y OCLUSION)} SubGrupo: {ENDARTERECTOMIA},1
Seccion : {PROCEDIMIENTOS QUIRURGICOS} Capitulo : {SISTEMA CIRCULATORIO} Grupo : {PROCEDIMIENTOS EN VASOS SANGUINEOS (INCISION ESCISION Y OCLUSION)} SubGrupo: {INTERRUPCION O PLICATURA DE VENA CAVA},1
Seccion : {PROCEDIMIENTOS QUIRURGICOS} Capitulo : {SISTEMA CIRCULATORIO} Grupo : {PROCEDIMIENTOS EN VASOS SANGUINEOS (INCISION ESCISION Y OCLUSION)} SubGrupo: {LIGADURA Y ESCISION DE VENAS VARICOSAS},44
Seccion : {PROCEDIMIENTOS QUIRURGICOS} Capitulo : {SISTEMA CIRCULATORIO} Grupo : {PROCEDIMIENTOS EN VASOS SANGUINEOS (INCISION ESCISION Y OCLUSION)} SubGrupo: {OCLUSION PINZAMIENTO O LIGADURA DE VASOS SANGUINEOS},68
Seccion : {PROCEDIMIENTOS QUIRURGICOS} Capitulo : {SISTEMA CIRCULATORIO} Grupo : {PROCEDIMIENTOS EN VASOS SANGUINEOS (INCISION ESCISION Y OCLUSION)} SubGrupo: {OTRA ESCISION DE VASOS SANGUINEOS},11
Seccion : {PROCEDIMIENTOS QUIRURGICOS} Capitulo : {SISTEMA CIRCULATORIO} Grupo : {PROCEDIMIENTOS EN VASOS SANGUINEOS (INCISION ESCISION Y OCLUSION)} SubGrupo: {PUNCION DE VASO},476
Seccion : {PROCEDIMIENTOS QUIRURGICOS} Capitulo : {SISTEMA CIRCULATORIO} Grupo : {PROCEDIMIENTOS EN VASOS SANGUINEOS (INCISION ESCISION Y OCLUSION)} SubGrupo: {RESECCION DE VASO CON ANASTOMOSIS},44
Seccion : {PROCEDIMIENTOS QUIRURGICOS} Capitulo : {SISTEMA CIRCULATORIO} Grupo : {PROCEDIMIENTOS EN VASOS SANGUINEOS (INCISION ESCISION Y OCLUSION)} SubGrupo: {RESECCION DE VASO CON SUSTITUCION},4
Seccion : {PROCEDIMIENTOS QUIRURGICOS} Capitulo : {SISTEMA DIGESTIVO} Grupo : {PROCEDIMIENTOS EN ESTOMAGO} SubGrupo: {OTRA GASTRECTOMIA PARCIAL},28
Seccion : {PROCEDIMIENTOS QUIRURGICOS} Capitulo : {SISTEMA CIRCULATORIO} Grupo : {PROCEDIMIENTOS EN VASOS SANGUINEOS (INCISION ESCISION Y OCLUSION)} SubGrupo: {TROMBOEMBOLECTOMIA},57
Seccion : {PROCEDIMIENTOS QUIRURGICOS} Capitulo : {SISTEMA CIRCULATORIO} Grupo : {PROCEDIMIENTOS EN VALVULAS DEL CORAZON} SubGrupo: {COMISUROTOMIA O VALVULOTOMIA},1
Seccion : {PROCEDIMIENTOS QUIRURGICOS} Capitulo : {SISTEMA CIRCULATORIO} Grupo : {PROCEDIMIENTOS EN VALVULAS DEL CORAZON} SubGrupo: {OTROS PROCEDIMIENTOS EN VALVULAS Y TABIQUES CARDIACOS},4
Seccion : {PROCEDIMIENTOS QUIRURGICOS} Capitulo : {SISTEMA CIRCULATORIO} Grupo : {PROCEDIMIENTOS EN VALVULAS DEL CORAZON} SubGrupo: {REEMPLAZOS DE VALVULAS CARDIACAS},44
Seccion : {PROCEDIMIENTOS QUIRURGICOS} Capitulo : {SISTEMA CIRCULATORIO} Grupo : {PROCEDIMIENTOS EN VALVULAS DEL CORAZON} SubGrupo: {REPARACION DE TABIQUES INTERAURICULAR E INTERVENTRICULAR},13
Seccion : {PROCEDIMIENTOS QUIRURGICOS} Capitulo : {SISTEMA CIRCULATORIO} Grupo : {PROCEDIMIENTOS EN VALVULAS DEL CORAZON} SubGrupo: {REPARACION DE TABIQUES INTERAURICULAR E INTERVENTRICULAR CON INJERTO DE TEJIDO},1
Seccion : {PROCEDIMIENTOS QUIRURGICOS} Capitulo : {SISTEMA CIRCULATORIO} Grupo : {PROCEDIMIENTOS EN VALVULAS DEL CORAZON} SubGrupo: {REPARACION TOTAL DE ANOMALIAS CARDIACAS CONGENITAS},3
Seccion : {PROCEDIMIENTOS QUIRURGICOS} Capitulo : {SISTEMA CIRCULATORIO} Grupo : {PROCEDIMIENTOS EN VALVULAS DEL CORAZON} SubGrupo: {VALVULOTOMIAS O VALVULOPLASTIAS CARDIACAS QUIRURGICAS},19
Seccion : {PROCEDIMIENTOS QUIRURGICOS} Capitulo : {SISTEMA DIGESTIVO} Grupo : {OTRAS PROCEDIMIENTOS EN EL ESTOMAGO} SubGrupo: {OTRA REPARACION DE ESTOMAGO},34
Seccion : {PROCEDIMIENTOS QUIRURGICOS} Capitulo : {SISTEMA DIGESTIVO} Grupo : {OTRAS PROCEDIMIENTOS EN EL ESTOMAGO} SubGrupo: {OTROS PROCEDIMIENTOS EN ESTOMAGO},1
Seccion : {PROCEDIMIENTOS QUIRURGICOS} Capitulo : {SISTEMA DIGESTIVO} Grupo : {OTRAS PROCEDIMIENTOS EN EL ESTOMAGO} SubGrupo: {PILOROPLASTIA},1
Seccion : {PROCEDIMIENTOS QUIRURGICOS} Capitulo : {SISTEMA DIGESTIVO} Grupo : {OTRAS PROCEDIMIENTOS EN EL ESTOMAGO} SubGrupo: {PROCEDIMIENTOS DIAGNOSTICOS EN EL ESTOMAGO},96
Seccion : {PROCEDIMIENTOS QUIRURGICOS} Capitulo : {SISTEMA DIGESTIVO} Grupo : {OTRAS PROCEDIMIENTOS EN EL ESTOMAGO} SubGrupo: {REVISION DE ANASTOMOSIS GASTRICA},2
Seccion : {PROCEDIMIENTOS QUIRURGICOS} Capitulo : {SISTEMA DIGESTIVO} Grupo : {OTRAS PROCEDIMIENTOS EN EL ESTOMAGO} SubGrupo: {SUTURA DE ULCERA PERFORADA CON O SIN VAGOTOMIA},15
Seccion : {PROCEDIMIENTOS QUIRURGICOS} Capitulo : {SISTEMA DIGESTIVO} Grupo : {OTROS PROCEDIMIENTOS EN ABDOMEN} SubGrupo: {DRENAJE DE ABDOMEN},32
Seccion : {PROCEDIMIENTOS QUIRURGICOS} Capitulo : {SISTEMA DIGESTIVO} Grupo : {OTROS PROCEDIMIENTOS EN ABDOMEN} SubGrupo: {LAPAROTOMIA},266
Seccion : {PROCEDIMIENTOS QUIRURGICOS} Capitulo : {SISTEMA DIGESTIVO} Grupo : {OTROS PROCEDIMIENTOS EN ABDOMEN} SubGrupo: {LISIS DE ADHERENCIAS PERITONEALES},35
Seccion : {PROCEDIMIENTOS QUIRURGICOS} Capitulo : {SISTEMA DIGESTIVO} Grupo : {OTROS PROCEDIMIENTOS EN ABDOMEN} SubGrupo: {OTRA REPARACION DE PARED ABDOMINAL Y PERITONEO},92
Seccion : {PROCEDIMIENTOS QUIRURGICOS} Capitulo : {SISTEMA DIGESTIVO} Grupo : {OTROS PROCEDIMIENTOS EN ABDOMEN} SubGrupo: {OTROS PROCEDIMIENTOS DE LA REGION ABDOMINAL},1109
Seccion : {PROCEDIMIENTOS QUIRURGICOS} Capitulo : {SISTEMA DIGESTIVO} Grupo : {OTROS PROCEDIMIENTOS EN ABDOMEN} SubGrupo: {PROCEDIMIENTOS DIAGNOSTICOS DE LA REGION ABDOMINAL},70
Seccion : {PROCEDIMIENTOS QUIRURGICOS} Capitulo : {SISTEMA DIGESTIVO} Grupo : {OTROS PROCEDIMIENTOS EN ABDOMEN} SubGrupo: {RESECCION DE LESION O TEJIDO DE LA PARED ABDOMINAL U OMBLIGO},176
Seccion : {PROCEDIMIENTOS QUIRURGICOS} Capitulo : {SISTEMA DIGESTIVO} Grupo : {OTROS PROCEDIMIENTOS EN ABDOMEN} SubGrupo: {RESECCION DE LESION O TEJIDO PERITONEAL},8
Seccion : {PROCEDIMIENTOS QUIRURGICOS} Capitulo : {SISTEMA DIGESTIVO} Grupo : {OTROS PROCEDIMIENTOS EN ABDOMEN} SubGrupo: {SUTURA DE PARED ABDOMINAL Y PERITONEO},7
Seccion : {PROCEDIMIENTOS QUIRURGICOS} Capitulo : {SISTEMA DIGESTIVO} Grupo : {OTROS PROCEDIMIENTOS EN INTESTINO} SubGrupo: {APERTURA RETARDADA DE ILEOSTOMIA SOD},2
Seccion : {PROCEDIMIENTOS QUIRURGICOS} Capitulo : {SISTEMA DIGESTIVO} Grupo : {OTROS PROCEDIMIENTOS EN INTESTINO} SubGrupo: {CIERRE DE ESTOMA PERSISTENTE},4
Seccion : {PROCEDIMIENTOS QUIRURGICOS} Capitulo : {SISTEMA DIGESTIVO} Grupo : {OTROS PROCEDIMIENTOS EN INTESTINO} SubGrupo: {COLOSTOMIAS},7
Seccion : {PROCEDIMIENTOS QUIRURGICOS} Capitulo : {SISTEMA DIGESTIVO} Grupo : {OTROS PROCEDIMIENTOS EN INTESTINO} SubGrupo: {DILATACION Y OTRA MANIPULACION DE INTESTINO},30
Seccion : {PROCEDIMIENTOS QUIRURGICOS} Capitulo : {SISTEMA DIGESTIVO} Grupo : {OTROS PROCEDIMIENTOS EN INTESTINO} SubGrupo: {EXTERIORIZACION DE INTESTINO (ENTEROSTOMIA)},4
Seccion : {PROCEDIMIENTOS QUIRURGICOS} Capitulo : {SISTEMA DIGESTIVO} Grupo : {OTROS PROCEDIMIENTOS EN INTESTINO} SubGrupo: {OTRA REPARACION DE INTESTINO},90
Seccion : {PROCEDIMIENTOS QUIRURGICOS} Capitulo : {SISTEMA DIGESTIVO} Grupo : {OTROS PROCEDIMIENTOS EN INTESTINO} SubGrupo: {OTROS PROCEDIMIENTOS EN EL INTESTINO},4
Seccion : {PROCEDIMIENTOS QUIRURGICOS} Capitulo : {SISTEMA DIGESTIVO} Grupo : {OTROS PROCEDIMIENTOS EN INTESTINO} SubGrupo: {REVISION DE ESTOMA INTESTINAL},2
Seccion : {PROCEDIMIENTOS QUIRURGICOS} Capitulo : {SISTEMA DIGESTIVO} Grupo : {PROCEDIMIENTOS EN ANO} SubGrupo: {ABLACION DE LESION DE ANO POR DIATERMIA  CRIO O ELECTROCOAGULACION SOD},15
Seccion : {PROCEDIMIENTOS QUIRURGICOS} Capitulo : {SISTEMA DIGESTIVO} Grupo : {PROCEDIMIENTOS EN ANO} SubGrupo: {ESFINTEROTOMIA DEL ANO},4
Seccion : {PROCEDIMIENTOS QUIRURGICOS} Capitulo : {SISTEMA DIGESTIVO} Grupo : {PROCEDIMIENTOS EN ANO} SubGrupo: {FISTULECTOMIA ANAL O PERIANAL SOD},11
Seccion : {PROCEDIMIENTOS QUIRURGICOS} Capitulo : {SISTEMA DIGESTIVO} Grupo : {PROCEDIMIENTOS EN ANO} SubGrupo: {FISTULOTOMIA ANAL SOD},9
Seccion : {PROCEDIMIENTOS QUIRURGICOS} Capitulo : {SISTEMA DIGESTIVO} Grupo : {PROCEDIMIENTOS EN ANO} SubGrupo: {INCISION O ESCISION DE TEJIDO PERIANAL},12
Seccion : {PROCEDIMIENTOS QUIRURGICOS} Capitulo : {SISTEMA DIGESTIVO} Grupo : {PROCEDIMIENTOS EN ANO} SubGrupo: {OTROS PROCEDIMIENTOS EN ANO},2
Seccion : {PROCEDIMIENTOS QUIRURGICOS} Capitulo : {SISTEMA DIGESTIVO} Grupo : {PROCEDIMIENTOS EN ANO} SubGrupo: {PROCEDIMIENTOS DIAGNOSTICOS EN ANO Y TEJIDO PERIANAL},40
Seccion : {PROCEDIMIENTOS QUIRURGICOS} Capitulo : {SISTEMA DIGESTIVO} Grupo : {PROCEDIMIENTOS EN ANO} SubGrupo: {PROCEDIMIENTOS EN HEMORROIDES},58
Seccion : {PROCEDIMIENTOS QUIRURGICOS} Capitulo : {SISTEMA DIGESTIVO} Grupo : {PROCEDIMIENTOS EN ANO} SubGrupo: {REPARACION DE ANO},4
Seccion : {PROCEDIMIENTOS QUIRURGICOS} Capitulo : {SISTEMA DIGESTIVO} Grupo : {PROCEDIMIENTOS EN ANO} SubGrupo: {RESECCION DE LESION DE ANO POR FULGURACION ENDOSCOPICA SOD},1
Seccion : {PROCEDIMIENTOS QUIRURGICOS} Capitulo : {SISTEMA DIGESTIVO} Grupo : {PROCEDIMIENTOS EN APENDICE} SubGrupo: {RESECCION DE APENDICE},66
Seccion : {PROCEDIMIENTOS QUIRURGICOS} Capitulo : {SISTEMA DIGESTIVO} Grupo : {PROCEDIMIENTOS EN ESTOMAGO} SubGrupo: {ESCISION LOCAL ENDOSCOPICA DE LESION O TEJIDO DE ESTOMAGO},17
Seccion : {PROCEDIMIENTOS QUIRURGICOS} Capitulo : {SISTEMA DIGESTIVO} Grupo : {PROCEDIMIENTOS EN ESTOMAGO} SubGrupo: {GASTRECTOMIA PARCIAL CON ANASTOMOSIS AL YEYUNO},9
Seccion : {PROCEDIMIENTOS QUIRURGICOS} Capitulo : {SISTEMA DIGESTIVO} Grupo : {PROCEDIMIENTOS EN ESTOMAGO} SubGrupo: {GASTRECTOMIA TOTAL},6
Seccion : {PROCEDIMIENTOS QUIRURGICOS} Capitulo : {SISTEMA DIGESTIVO} Grupo : {PROCEDIMIENTOS EN ESTOMAGO} SubGrupo: {GASTROSTOMIA},78
Seccion : {PROCEDIMIENTOS QUIRURGICOS} Capitulo : {SISTEMA DIGESTIVO} Grupo : {PROCEDIMIENTOS EN ESTOMAGO} SubGrupo: {INCISION Y ESCISION DE ESTOMAGO},20
Seccion : {PROCEDIMIENTOS QUIRURGICOS} Capitulo : {SISTEMA DIGESTIVO} Grupo : {PROCEDIMIENTOS EN ESOFAGO} SubGrupo: {ESCISION LOCAL O ELIMINACION DE LESION O TEJIDO DE ESOFAGO},27
Seccion : {PROCEDIMIENTOS QUIRURGICOS} Capitulo : {SISTEMA DIGESTIVO} Grupo : {PROCEDIMIENTOS EN ESOFAGO} SubGrupo: {ESOFAGOMIOTOMIA},3
Seccion : {PROCEDIMIENTOS QUIRURGICOS} Capitulo : {SISTEMA DIGESTIVO} Grupo : {PROCEDIMIENTOS EN ESOFAGO} SubGrupo: {ESOFAGOTOMIA},1
Seccion : {PROCEDIMIENTOS QUIRURGICOS} Capitulo : {SISTEMA DIGESTIVO} Grupo : {PROCEDIMIENTOS EN ESOFAGO} SubGrupo: {OTRA REPARACION DE ESOFAGO},2
Seccion : {PROCEDIMIENTOS QUIRURGICOS} Capitulo : {SISTEMA DIGESTIVO} Grupo : {PROCEDIMIENTOS EN ESOFAGO} SubGrupo: {OTROS PROCEDIMIENTOS DE ESOFAGO},32
Seccion : {PROCEDIMIENTOS QUIRURGICOS} Capitulo : {SISTEMA DIGESTIVO} Grupo : {PROCEDIMIENTOS EN ESOFAGO} SubGrupo: {PROCEDIMIENTOS DIAGNOSTICOS EN ESOFAGO},37
Seccion : {PROCEDIMIENTOS QUIRURGICOS} Capitulo : {SISTEMA DIGESTIVO} Grupo : {PROCEDIMIENTOS EN ESOFAGO} SubGrupo: {REPARACIONES EN EL ESOFAGO},13
Seccion : {PROCEDIMIENTOS QUIRURGICOS} Capitulo : {SISTEMA DIGESTIVO} Grupo : {PROCEDIMIENTOS EN ESOFAGO} SubGrupo: {RESECCION DE ESOFAGO},13
Seccion : {PROCEDIMIENTOS QUIRURGICOS} Capitulo : {SISTEMA DIGESTIVO} Grupo : {PROCEDIMIENTOS EN HIGADO} SubGrupo: {ESCISION LOCAL O ELIMINACION DE TEJIDO O LESION DE HIGADO},5
Seccion : {PROCEDIMIENTOS QUIRURGICOS} Capitulo : {SISTEMA DIGESTIVO} Grupo : {PROCEDIMIENTOS EN HIGADO} SubGrupo: {HEPATECTOMIA TOTAL},18
Seccion : {PROCEDIMIENTOS QUIRURGICOS} Capitulo : {SISTEMA DIGESTIVO} Grupo : {PROCEDIMIENTOS EN HIGADO} SubGrupo: {REPARACION DEL HIGADO},19
Seccion : {PROCEDIMIENTOS QUIRURGICOS} Capitulo : {SISTEMA DIGESTIVO} Grupo : {PROCEDIMIENTOS EN INTESTINO} SubGrupo: {ANASTOMOSIS INTESTINAL},17
Seccion : {PROCEDIMIENTOS QUIRURGICOS} Capitulo : {SISTEMA DIGESTIVO} Grupo : {PROCEDIMIENTOS EN INTESTINO} SubGrupo: {ESCISION LOCAL DE LESION O TEJIDO DE INTESTINO GRUESO},13
Seccion : {PROCEDIMIENTOS QUIRURGICOS} Capitulo : {SISTEMA DIGESTIVO} Grupo : {PROCEDIMIENTOS EN INTESTINO} SubGrupo: {ESCISION LOCAL O ABLACION DE LESION O TEJIDO DE INTESTINO DELGADO},3
Seccion : {PROCEDIMIENTOS QUIRURGICOS} Capitulo : {SISTEMA DIGESTIVO} Grupo : {PROCEDIMIENTOS EN INTESTINO} SubGrupo: {OTRA ESCISION DE INTESTINO DELGADO},31
Seccion : {PROCEDIMIENTOS QUIRURGICOS} Capitulo : {SISTEMA DIGESTIVO} Grupo : {PROCEDIMIENTOS EN INTESTINO} SubGrupo: {PROCEDIMIENTOS DIAGNOSTICOS EN EL INTESTINO DELGADO},2629
Seccion : {PROCEDIMIENTOS QUIRURGICOS} Capitulo : {SISTEMA DIGESTIVO} Grupo : {PROCEDIMIENTOS EN INTESTINO} SubGrupo: {PROCEDIMIENTOS DIAGNOSTICOS EN INTESTINO GRUESO},1393
Seccion : {PROCEDIMIENTOS QUIRURGICOS} Capitulo : {SISTEMA DIGESTIVO} Grupo : {PROCEDIMIENTOS EN INTESTINO} SubGrupo: {RESECCION PARCIAL DE INTESTINO GRUESO},36
Seccion : {PROCEDIMIENTOS QUIRURGICOS} Capitulo : {SISTEMA DIGESTIVO} Grupo : {PROCEDIMIENTOS EN PARED ABDOMINAL} SubGrupo: {HERNIORRAFIA BILATERAL FEMORAL O CRURAL REPRODUCIDA SOD},2
Seccion : {PROCEDIMIENTOS QUIRURGICOS} Capitulo : {SISTEMA DIGESTIVO} Grupo : {PROCEDIMIENTOS EN PARED ABDOMINAL} SubGrupo: {HERNIORRAFIA FEMORAL O CRURAL},2
Seccion : {PROCEDIMIENTOS QUIRURGICOS} Capitulo : {SISTEMA DIGESTIVO} Grupo : {PROCEDIMIENTOS EN PARED ABDOMINAL} SubGrupo: {OTRA REPARACION DE HERNIA},1
Seccion : {PROCEDIMIENTOS QUIRURGICOS} Capitulo : {SISTEMA DIGESTIVO} Grupo : {PROCEDIMIENTOS EN PARED ABDOMINAL} SubGrupo: {REPARACION BILATERAL DE HERNIA INGUINAL},9
Seccion : {PROCEDIMIENTOS QUIRURGICOS} Capitulo : {SISTEMA DIGESTIVO} Grupo : {PROCEDIMIENTOS EN PARED ABDOMINAL} SubGrupo: {REPARACION DE HERNIA UMBILICAL},208
Seccion : {PROCEDIMIENTOS QUIRURGICOS} Capitulo : {SISTEMA DIGESTIVO} Grupo : {PROCEDIMIENTOS EN PARED ABDOMINAL} SubGrupo: {REPARACION DE HERNIAS DIAFRAGMATICAS},6
Seccion : {PROCEDIMIENTOS QUIRURGICOS} Capitulo : {SISTEMA DIGESTIVO} Grupo : {PROCEDIMIENTOS EN PARED ABDOMINAL} SubGrupo: {REPARACION DE OTRA HERNIA DE PARED ABDOMINAL ANTERIOR},16
Seccion : {PROCEDIMIENTOS QUIRURGICOS} Capitulo : {SISTEMA DIGESTIVO} Grupo : {PROCEDIMIENTOS EN PARED ABDOMINAL} SubGrupo: {REPARACION UNILATERAL DE HERNIA INGUINAL},344
Seccion : {PROCEDIMIENTOS QUIRURGICOS} Capitulo : {SISTEMA DIGESTIVO} Grupo : {PROCEDIMIENTOS EN PANCREAS} SubGrupo: {DRENAJE DE QUISTE Y SEUDOQUISTE PANCREATICO},1
Seccion : {PROCEDIMIENTOS QUIRURGICOS} Capitulo : {SISTEMA DIGESTIVO} Grupo : {PROCEDIMIENTOS EN PANCREAS} SubGrupo: {ESCISION LOCAL O ELIMINACION DE LESION DE PANCREAS Y CONDUCTO PANCREATICO},4
Seccion : {PROCEDIMIENTOS QUIRURGICOS} Capitulo : {SISTEMA DIGESTIVO} Grupo : {PROCEDIMIENTOS EN PANCREAS} SubGrupo: {EXTRACCION DE CUERPO EXTRAÑO DE PANCREAS Y CONDUCTO PANCREATICO},2
Seccion : {PROCEDIMIENTOS QUIRURGICOS} Capitulo : {SISTEMA DIGESTIVO} Grupo : {PROCEDIMIENTOS EN PANCREAS} SubGrupo: {OTROS PROCEDIMIENTOS DE PANCREAS},3
Seccion : {PROCEDIMIENTOS QUIRURGICOS} Capitulo : {SISTEMA DIGESTIVO} Grupo : {PROCEDIMIENTOS EN PANCREAS} SubGrupo: {PANCREATECTOMIA PARCIAL},6
Seccion : {PROCEDIMIENTOS QUIRURGICOS} Capitulo : {SISTEMA DIGESTIVO} Grupo : {PROCEDIMIENTOS EN PANCREAS} SubGrupo: {PANCREATICODUODENECTOMIA},4
Seccion : {PROCEDIMIENTOS QUIRURGICOS} Capitulo : {SISTEMA DIGESTIVO} Grupo : {PROCEDIMIENTOS EN PANCREAS} SubGrupo: {PROCEDIMIENTOS DIAGNOSTICOS EN PANCREAS},8
Seccion : {PROCEDIMIENTOS QUIRURGICOS} Capitulo : {SISTEMA DIGESTIVO} Grupo : {PROCEDIMIENTOS EN RECTO RECTOSIGMOIDE Y TEJIDO PERIRRECTAL} SubGrupo: {ESCISION LOCAL O ELIMINACION DE LESION O TEJIDO RECTAL},11
Seccion : {PROCEDIMIENTOS QUIRURGICOS} Capitulo : {SISTEMA DIGESTIVO} Grupo : {PROCEDIMIENTOS EN RECTO RECTOSIGMOIDE Y TEJIDO PERIRRECTAL} SubGrupo: {OTRA RESECCION DE RECTO},3
Seccion : {PROCEDIMIENTOS QUIRURGICOS} Capitulo : {SISTEMA DIGESTIVO} Grupo : {PROCEDIMIENTOS EN RECTO RECTOSIGMOIDE Y TEJIDO PERIRRECTAL} SubGrupo: {OTROS PROCEDIMIENTOS EN RECTO Y TEJIDO PERIRRECTAL},1
Seccion : {PROCEDIMIENTOS QUIRURGICOS} Capitulo : {SISTEMA DIGESTIVO} Grupo : {PROCEDIMIENTOS EN RECTO RECTOSIGMOIDE Y TEJIDO PERIRRECTAL} SubGrupo: {PROCEDIMIENTOS DIAGNOSTICOS EN RECTO RECTOSIGMOIDE Y TEJIDO PERIRRECTAL},79
Seccion : {PROCEDIMIENTOS QUIRURGICOS} Capitulo : {SISTEMA DIGESTIVO} Grupo : {PROCEDIMIENTOS EN RECTO RECTOSIGMOIDE Y TEJIDO PERIRRECTAL} SubGrupo: {PROCTECTOMIAS},3
Seccion : {PROCEDIMIENTOS QUIRURGICOS} Capitulo : {SISTEMA DIGESTIVO} Grupo : {PROCEDIMIENTOS EN RECTO RECTOSIGMOIDE Y TEJIDO PERIRRECTAL} SubGrupo: {REPARACION DE RECTO (PROCTOPLASTIA)},4
Seccion : {PROCEDIMIENTOS QUIRURGICOS} Capitulo : {SISTEMA DIGESTIVO} Grupo : {PROCEDIMIENTOS EN VESICULA BILIAR Y TRACTO BILIAR} SubGrupo: {ANASTOMOSIS DE VESICULA BILIAR O VIA BILIAR},1
Seccion : {PROCEDIMIENTOS QUIRURGICOS} Capitulo : {SISTEMA DIGESTIVO} Grupo : {PROCEDIMIENTOS EN VESICULA BILIAR Y TRACTO BILIAR} SubGrupo: {COLECISTOTOMIA Y COLECISTOSTOMIA},10
Seccion : {PROCEDIMIENTOS QUIRURGICOS} Capitulo : {SISTEMA DIGESTIVO} Grupo : {PROCEDIMIENTOS EN VESICULA BILIAR Y TRACTO BILIAR} SubGrupo: {EXPLORACION Y DESCOMPRESION DE VIAS BILIARES},6
Seccion : {PROCEDIMIENTOS QUIRURGICOS} Capitulo : {SISTEMA DIGESTIVO} Grupo : {PROCEDIMIENTOS EN VESICULA BILIAR Y TRACTO BILIAR} SubGrupo: {OTROS PROCEDIMIENTOS EN CONDUCTOS BILIARES Y ESFINTER},39
Seccion : {PROCEDIMIENTOS QUIRURGICOS} Capitulo : {SISTEMA DIGESTIVO} Grupo : {PROCEDIMIENTOS EN VESICULA BILIAR Y TRACTO BILIAR} SubGrupo: {PROCEDIMIENTOS DIAGNOSTICOS EN LA VIA BILIAR PRINCIPAL},5
Seccion : {PROCEDIMIENTOS QUIRURGICOS} Capitulo : {SISTEMA DIGESTIVO} Grupo : {PROCEDIMIENTOS EN VESICULA BILIAR Y TRACTO BILIAR} SubGrupo: {REPARACION DE VIAS BILIARES},7
Seccion : {PROCEDIMIENTOS QUIRURGICOS} Capitulo : {SISTEMA DIGESTIVO} Grupo : {PROCEDIMIENTOS EN VESICULA BILIAR Y TRACTO BILIAR} SubGrupo: {RESECCION DE LESION O TEJIDO DE VESICULA BILIAR Y VIAS BILIARES},200
Seccion : {PROCEDIMIENTOS QUIRURGICOS} Capitulo : {SISTEMA ENDOCRINO} Grupo : {PROCEDIMIENTOS EN LAS GLANDULAS TIROIDES Y PARATIROIDES} SubGrupo: {BIOPSIA DE GLANDULA TIROIDES},18
Seccion : {PROCEDIMIENTOS QUIRURGICOS} Capitulo : {SISTEMA ENDOCRINO} Grupo : {PROCEDIMIENTOS EN LAS GLANDULAS TIROIDES Y PARATIROIDES} SubGrupo: {ESCISION DE LESION O TEJIDO TIROGLOSO},3
Seccion : {PROCEDIMIENTOS QUIRURGICOS} Capitulo : {SISTEMA ENDOCRINO} Grupo : {PROCEDIMIENTOS EN LAS GLANDULAS TIROIDES Y PARATIROIDES} SubGrupo: {INCISION EN EL AREA TIROIDEA},20
Seccion : {PROCEDIMIENTOS QUIRURGICOS} Capitulo : {SISTEMA ENDOCRINO} Grupo : {PROCEDIMIENTOS EN LAS GLANDULAS TIROIDES Y PARATIROIDES} SubGrupo: {OTROS PROCEDIMIENTOS EN REGION TIROIDEA Y PARATIROIDEA},3
Seccion : {PROCEDIMIENTOS QUIRURGICOS} Capitulo : {SISTEMA ENDOCRINO} Grupo : {PROCEDIMIENTOS EN LAS GLANDULAS TIROIDES Y PARATIROIDES} SubGrupo: {PARATIROIDECTOMIA},1
Seccion : {PROCEDIMIENTOS QUIRURGICOS} Capitulo : {SISTEMA ENDOCRINO} Grupo : {PROCEDIMIENTOS EN LAS GLANDULAS TIROIDES Y PARATIROIDES} SubGrupo: {RESECCION PARCIAL DE TIROIDES},12
Seccion : {PROCEDIMIENTOS QUIRURGICOS} Capitulo : {SISTEMA ENDOCRINO} Grupo : {PROCEDIMIENTOS EN LAS GLANDULAS TIROIDES Y PARATIROIDES} SubGrupo: {RESECCION RETROESTERNAL DE TIROIDES},2
Seccion : {PROCEDIMIENTOS QUIRURGICOS} Capitulo : {SISTEMA ENDOCRINO} Grupo : {PROCEDIMIENTOS EN LAS GLANDULAS TIROIDES Y PARATIROIDES} SubGrupo: {RESECCION TOTAL DE TIROIDES},19
Seccion : {PROCEDIMIENTOS QUIRURGICOS} Capitulo : {SISTEMA ENDOCRINO} Grupo : {PROCEDIMIENTOS EN LAS GLANDULAS TIROIDES Y PARATIROIDES} SubGrupo: {TIROIDECTOMIA},5
Seccion : {PROCEDIMIENTOS QUIRURGICOS} Capitulo : {SISTEMA ENDOCRINO} Grupo : {PROCEDIMIENTOS EN OTRAS GLANDULAS ENDOCRINAS} SubGrupo: {HIPOFISECTOMIA},1
Seccion : {PROCEDIMIENTOS QUIRURGICOS} Capitulo : {SISTEMA ENDOCRINO} Grupo : {PROCEDIMIENTOS EN OTRAS GLANDULAS ENDOCRINAS} SubGrupo: {PROCEDIMIENTOS DIAGNOSTICOS EN GLANDULAS SUPRARRENALPITUITARIA PINEAL Y TIMO},7
Seccion : {PROCEDIMIENTOS QUIRURGICOS} Capitulo : {SISTEMA ENDOCRINO} Grupo : {PROCEDIMIENTOS EN OTRAS GLANDULAS ENDOCRINAS} SubGrupo: {SUPRARRENALECTOMIAS},2
Seccion : {PROCEDIMIENTOS QUIRURGICOS} Capitulo : {SISTEMA HEMATICO Y LINFATICO} Grupo : {PROCEDIMIENTOS EN EL SISTEMA LINFATICO} SubGrupo: {ESCISION RADICAL DE GANGLIO O ESTRUCTURA LINFATICA CERVICAL},17
Seccion : {PROCEDIMIENTOS QUIRURGICOS} Capitulo : {SISTEMA HEMATICO Y LINFATICO} Grupo : {PROCEDIMIENTOS EN EL SISTEMA LINFATICO} SubGrupo: {ESCISION RADICAL DE OTROS GANGLIOS LINFATICOS},47
Seccion : {PROCEDIMIENTOS QUIRURGICOS} Capitulo : {SISTEMA HEMATICO Y LINFATICO} Grupo : {PROCEDIMIENTOS EN EL SISTEMA LINFATICO} SubGrupo: {ESCISION SIMPLE DE ESTRUCTURA LINFATICA},30
Seccion : {PROCEDIMIENTOS QUIRURGICOS} Capitulo : {SISTEMA HEMATICO Y LINFATICO} Grupo : {PROCEDIMIENTOS EN EL SISTEMA LINFATICO} SubGrupo: {PROCEDIMIENTOS DIAGNOSTICOS EN ESTRUCTURAS LINFATICAS},85
Seccion : {PROCEDIMIENTOS QUIRURGICOS} Capitulo : {SISTEMA HEMATICO Y LINFATICO} Grupo : {PROCEDIMIENTOS EN EL SISTEMA LINFATICO} SubGrupo: {PROCEDIMIENTOS EN CONDUCTO TORACICO},2
Seccion : {PROCEDIMIENTOS QUIRURGICOS} Capitulo : {SISTEMA HEMATICO Y LINFATICO} Grupo : {PROCEDIMIENTOS EN EL SISTEMA LINFATICO} SubGrupo: {REPARACION DE ESTRUCTURA LINFATICA},11
Seccion : {PROCEDIMIENTOS QUIRURGICOS} Capitulo : {SISTEMA HEMATICO Y LINFATICO} Grupo : {PROCEDIMIENTOS EN MEDULA OSEA Y BAZO} SubGrupo: {ESCISION O ABLACION DE LESION O TEJIDO DEL BAZO},15
Seccion : {PROCEDIMIENTOS QUIRURGICOS} Capitulo : {SISTEMA HEMATICO Y LINFATICO} Grupo : {PROCEDIMIENTOS EN MEDULA OSEA Y BAZO} SubGrupo: {PROCEDIMIENTOS DIAGNOSTICOS EN MEDULA OSEA Y BAZO},88
Seccion : {PROCEDIMIENTOS QUIRURGICOS} Capitulo : {SISTEMA HEMATICO Y LINFATICO} Grupo : {PROCEDIMIENTOS EN MEDULA OSEA Y BAZO} SubGrupo: {TRASPLANTE DE MEDULA OSEA O DE CELULAS PROGENITORAS EXTRAIDAS DE SANGRE PERIFERICA},3
Seccion : {PROCEDIMIENTOS QUIRURGICOS} Capitulo : {SISTEMA NERVIOSO} Grupo : {OTROS PROCEDIMIENTOS EN CRANEO CEREBRO O MENINGES CEREBRALES} SubGrupo: {DERIVACION VENTRICULAR EXTRACRANEAL},5
Seccion : {PROCEDIMIENTOS QUIRURGICOS} Capitulo : {SISTEMA NERVIOSO} Grupo : {OTROS PROCEDIMIENTOS EN CRANEO CEREBRO O MENINGES CEREBRALES} SubGrupo: {INSERCION O IMPLANTE DE CATETER CON RESERVORIO SUBCUTANEO},1
Seccion : {PROCEDIMIENTOS QUIRURGICOS} Capitulo : {SISTEMA NERVIOSO} Grupo : {OTROS PROCEDIMIENTOS EN CRANEO CEREBRO O MENINGES CEREBRALES} SubGrupo: {OTROS PROCEDIMIENTOS EN CRANEO CEREBRO Y MENINGES CEREBRALES},5
Seccion : {PROCEDIMIENTOS QUIRURGICOS} Capitulo : {SISTEMA NERVIOSO} Grupo : {OTROS PROCEDIMIENTOS EN CRANEO CEREBRO O MENINGES CEREBRALES} SubGrupo: {REPARACION DE MENINGES CEREBRALES},789
Seccion : {PROCEDIMIENTOS QUIRURGICOS} Capitulo : {SISTEMA NERVIOSO} Grupo : {OTROS PROCEDIMIENTOS EN CRANEO CEREBRO O MENINGES CEREBRALES} SubGrupo: {REPARACION EN CRANEO (CRANEOPLASTIA)},71
Seccion : {PROCEDIMIENTOS QUIRURGICOS} Capitulo : {SISTEMA NERVIOSO} Grupo : {OTROS PROCEDIMIENTOS EN CRANEO CEREBRO O MENINGES CEREBRALES} SubGrupo: {REVISION EXTRACCION E IRRIGACION DE DERIVACION VENTRICULAR},12
Seccion : {PROCEDIMIENTOS QUIRURGICOS} Capitulo : {SISTEMA NERVIOSO} Grupo : {OTROS PROCEDIMIENTOS EN CRANEO CEREBRO O MENINGES CEREBRALES} SubGrupo: {VENTRICULOSTOMIAS},21
Seccion : {PROCEDIMIENTOS QUIRURGICOS} Capitulo : {SISTEMA NERVIOSO} Grupo : {PROCEDIMIENTOS EN CRANEO CEREBRO Y MENINGES CEREBRALES} SubGrupo: {BIOPSIA EN CRANEO},15
Seccion : {PROCEDIMIENTOS QUIRURGICOS} Capitulo : {SISTEMA NERVIOSO} Grupo : {PROCEDIMIENTOS EN CRANEO CEREBRO Y MENINGES CEREBRALES} SubGrupo: {CRANEOTOMIA Y CRANIECTOMIA},57
Seccion : {PROCEDIMIENTOS QUIRURGICOS} Capitulo : {SISTEMA NERVIOSO} Grupo : {PROCEDIMIENTOS EN CRANEO CEREBRO Y MENINGES CEREBRALES} SubGrupo: {ESCISION DE LESION O TEJIDO DE MENINGES CEREBRALES},4
Seccion : {PROCEDIMIENTOS QUIRURGICOS} Capitulo : {SISTEMA NERVIOSO} Grupo : {PROCEDIMIENTOS EN CRANEO CEREBRO Y MENINGES CEREBRALES} SubGrupo: {ESCISION DE LESION O TEJIDO EN CRANEO},55
Seccion : {PROCEDIMIENTOS QUIRURGICOS} Capitulo : {SISTEMA NERVIOSO} Grupo : {PROCEDIMIENTOS EN CRANEO CEREBRO Y MENINGES CEREBRALES} SubGrupo: {ESCISION O ABLACION DE LESION O TEJIDO CEREBRAL},97
Seccion : {PROCEDIMIENTOS QUIRURGICOS} Capitulo : {SISTEMA NERVIOSO} Grupo : {PROCEDIMIENTOS EN CRANEO CEREBRO Y MENINGES CEREBRALES} SubGrupo: {INCISION DE CEREBRO Y MENINGES CEREBRALES},51
Seccion : {PROCEDIMIENTOS QUIRURGICOS} Capitulo : {SISTEMA NERVIOSO} Grupo : {PROCEDIMIENTOS EN CRANEO CEREBRO Y MENINGES CEREBRALES} SubGrupo: {INCISION DE CRANEO},13
Seccion : {PROCEDIMIENTOS QUIRURGICOS} Capitulo : {SISTEMA NERVIOSO} Grupo : {PROCEDIMIENTOS EN CRANEO CEREBRO Y MENINGES CEREBRALES} SubGrupo: {PROCEDIMIENTOS EN TALAMO Y GLOBO PALIDO},1
Seccion : {PROCEDIMIENTOS QUIRURGICOS} Capitulo : {SISTEMA NERVIOSO} Grupo : {PROCEDIMIENTOS EN CRANEO CEREBRO Y MENINGES CEREBRALES} SubGrupo: {RESECCION DE LOBULOS CEREBRALES (LOBECTOMIA)},10
Seccion : {PROCEDIMIENTOS QUIRURGICOS} Capitulo : {SISTEMA NERVIOSO} Grupo : {PROCEDIMIENTOS EN MEDULA ESPINAL Y ESTRUCTURAS DEL CANAL RAQUIDEO} SubGrupo: {CORDOTOMIA},6
Seccion : {PROCEDIMIENTOS QUIRURGICOS} Capitulo : {SISTEMA NERVIOSO} Grupo : {PROCEDIMIENTOS EN MEDULA ESPINAL Y ESTRUCTURAS DEL CANAL RAQUIDEO} SubGrupo: {DERIVACION ESPINAL},2
Seccion : {PROCEDIMIENTOS QUIRURGICOS} Capitulo : {SISTEMA NERVIOSO} Grupo : {PROCEDIMIENTOS EN MEDULA ESPINAL Y ESTRUCTURAS DEL CANAL RAQUIDEO} SubGrupo: {ESCISION O ABLACION DE LESION DE LA MEDULA ESPINAL O DE MENINGES ESPINALES},4
Seccion : {PROCEDIMIENTOS QUIRURGICOS} Capitulo : {SISTEMA NERVIOSO} Grupo : {PROCEDIMIENTOS EN MEDULA ESPINAL Y ESTRUCTURAS DEL CANAL RAQUIDEO} SubGrupo: {EXPLORACION Y DESCOMPRESION DE ESTRUCTURAS DEL CANAL RAQUIDEO},89
Seccion : {PROCEDIMIENTOS QUIRURGICOS} Capitulo : {SISTEMA NERVIOSO} Grupo : {PROCEDIMIENTOS EN MEDULA ESPINAL Y ESTRUCTURAS DEL CANAL RAQUIDEO} SubGrupo: {LISIS DE ADHERENCIAS DE MEDULA ESPINAL Y RAICES DE NERVIOS ESPINALES},3
Seccion : {PROCEDIMIENTOS QUIRURGICOS} Capitulo : {SISTEMA NERVIOSO} Grupo : {PROCEDIMIENTOS EN MEDULA ESPINAL Y ESTRUCTURAS DEL CANAL RAQUIDEO} SubGrupo: {OTROS PROCEDIMIENTOS EN MEDULA ESPINAL Y ESTRUCTURAS DEL CANAL RAQUIDEO},35
Seccion : {PROCEDIMIENTOS QUIRURGICOS} Capitulo : {SISTEMA NERVIOSO} Grupo : {PROCEDIMIENTOS EN MEDULA ESPINAL Y ESTRUCTURAS DEL CANAL RAQUIDEO} SubGrupo: {PROCEDIMIENTOS DIAGNOSTICOS EN LA MEDULA ESPINAL O ESTRUCTURAS DEL CANAL RAQUIDEO},250
Seccion : {PROCEDIMIENTOS QUIRURGICOS} Capitulo : {SISTEMA NERVIOSO} Grupo : {PROCEDIMIENTOS EN MEDULA ESPINAL Y ESTRUCTURAS DEL CANAL RAQUIDEO} SubGrupo: {PROCEDIMIENTOS PLASTICOS EN ESTRUCTURAS DEL CANAL RAQUIDEO},15
Seccion : {PROCEDIMIENTOS QUIRURGICOS} Capitulo : {SISTEMA NERVIOSO} Grupo : {PROCEDIMIENTOS EN NERVIOS CRANEALES Y PERIFERICOS} SubGrupo: {ABLACION DE NERVIOS CRANEALES Y PERIFERICOS},93
Seccion : {PROCEDIMIENTOS QUIRURGICOS} Capitulo : {SISTEMA NERVIOSO} Grupo : {PROCEDIMIENTOS EN NERVIOS CRANEALES Y PERIFERICOS} SubGrupo: {INCISION DIVISION Y ESCISION DE NERVIOS CRANEALES Y PERIFERICOS},59
Seccion : {PROCEDIMIENTOS QUIRURGICOS} Capitulo : {SISTEMA NERVIOSO} Grupo : {PROCEDIMIENTOS EN NERVIOS CRANEALES Y PERIFERICOS} SubGrupo: {INJERTOS O PLASTIAS DE NERVIOS CRANEALES O PERIFERICOS},2
Seccion : {PROCEDIMIENTOS QUIRURGICOS} Capitulo : {SISTEMA NERVIOSO} Grupo : {PROCEDIMIENTOS EN NERVIOS CRANEALES Y PERIFERICOS} SubGrupo: {INYECCION DENTRO DE NERVIO CRANEAL O PERIFERICO},50
Seccion : {PROCEDIMIENTOS QUIRURGICOS} Capitulo : {SISTEMA NERVIOSO} Grupo : {PROCEDIMIENTOS EN NERVIOS CRANEALES Y PERIFERICOS} SubGrupo: {LISIS DE ADHERENCIAS O DESCOMPRESIONES DE NERVIOS CRANEALES O PERIFERICOS},70
Seccion : {PROCEDIMIENTOS QUIRURGICOS} Capitulo : {SISTEMA NERVIOSO} Grupo : {PROCEDIMIENTOS EN NERVIOS CRANEALES Y PERIFERICOS} SubGrupo: {PROCEDIMIENTOS DIAGNOSTICOS EN SISTEMA NERVIOSO PERIFERICO},11
Seccion : {PROCEDIMIENTOS QUIRURGICOS} Capitulo : {SISTEMA NERVIOSO} Grupo : {PROCEDIMIENTOS EN NERVIOS CRANEALES Y PERIFERICOS} SubGrupo: {SUTURA DE NERVIOS CRANEALES Y PERIFERICOS},82
Seccion : {PROCEDIMIENTOS QUIRURGICOS} Capitulo : {SISTEMA NERVIOSO} Grupo : {PROCEDIMIENTOS EN NERVIOS CRANEALES Y PERIFERICOS} SubGrupo: {TRANSPOSICIONES DE NERVIOS CRANEALES O PERIFERICOS},5
Seccion : {PROCEDIMIENTOS QUIRURGICOS} Capitulo : {SISTEMA NERVIOSO} Grupo : {PROCEDIMIENTOS EN NERVIOS O GANGLIOS SIMPATICOS} SubGrupo: {INYECCIONES EN NERVIOS O GANGLIOS SIMPATICOS},125
Seccion : {PROCEDIMIENTOS QUIRURGICOS} Capitulo : {SISTEMA NERVIOSO} Grupo : {PROCEDIMIENTOS EN NERVIOS O GANGLIOS SIMPATICOS} SubGrupo: {NEURORRAFIAS DE NERVIOSO GANGLIOS SIMPATICOS},18
Seccion : {PROCEDIMIENTOS QUIRURGICOS} Capitulo : {SISTEMA NERVIOSO} Grupo : {PROCEDIMIENTOS EN NERVIOS O GANGLIOS SIMPATICOS} SubGrupo: {OTROS PROCEDIMIENTOS EN NERVIOS O GANGLIOS SIMPATICOS},11
Seccion : {PROCEDIMIENTOS QUIRURGICOS} Capitulo : {SISTEMA NERVIOSO} Grupo : {PROCEDIMIENTOS EN NERVIOS O GANGLIOS SIMPATICOS} SubGrupo: {SIMPATECTOMIA},17
Seccion : {PROCEDIMIENTOS QUIRURGICOS} Capitulo : {SISTEMA OSTEOMUSCULAR} Grupo : {OTROS PROCEDIMIENTOS EN HUESOS EXCEPTO HUESOS FACIALES} SubGrupo: {APLICACION DE DISPOSITIVO EXTERNO DE FIJACION},217
Seccion : {PROCEDIMIENTOS QUIRURGICOS} Capitulo : {SISTEMA OSTEOMUSCULAR} Grupo : {OTROS PROCEDIMIENTOS EN HUESOS EXCEPTO HUESOS FACIALES} SubGrupo: {EXTRACCION DE DISPOSITIVO IMPLANTADO O CUERPO EXTRAÑO EN HUESO},890
Seccion : {PROCEDIMIENTOS QUIRURGICOS} Capitulo : {SISTEMA OSTEOMUSCULAR} Grupo : {OTROS PROCEDIMIENTOS EN HUESOS EXCEPTO HUESOS FACIALES} SubGrupo: {FIJACION INTERNA DE HUESO SIN REDUCCION DE FRACTURA},53
Seccion : {PROCEDIMIENTOS QUIRURGICOS} Capitulo : {SISTEMA OSTEOMUSCULAR} Grupo : {OTROS PROCEDIMIENTOS EN HUESOS EXCEPTO HUESOS FACIALES} SubGrupo: {INJERTO OSEO (AUTOLOGO HETEROLOGO)},255
Seccion : {PROCEDIMIENTOS QUIRURGICOS} Capitulo : {SISTEMA OSTEOMUSCULAR} Grupo : {OTROS PROCEDIMIENTOS EN HUESOS EXCEPTO HUESOS FACIALES} SubGrupo: {PROCEDIMIENTO DE ALARGAMIENTO DE EXTREMIDADES},4
Seccion : {PROCEDIMIENTOS QUIRURGICOS} Capitulo : {SISTEMA OSTEOMUSCULAR} Grupo : {OTROS PROCEDIMIENTOS EN HUESOS EXCEPTO HUESOS FACIALES} SubGrupo: {PROCEDIMIENTOS DE ACORTAMIENTO DE EXTREMIDADES},40
Seccion : {PROCEDIMIENTOS QUIRURGICOS} Capitulo : {SISTEMA OSTEOMUSCULAR} Grupo : {OTROS PROCEDIMIENTOS EN SISTEMA OSTEOMUSCULAR} SubGrupo: {AMPUTACION DE MIEMBRO INFERIOR},90
Seccion : {PROCEDIMIENTOS QUIRURGICOS} Capitulo : {SISTEMA OSTEOMUSCULAR} Grupo : {OTROS PROCEDIMIENTOS EN SISTEMA OSTEOMUSCULAR} SubGrupo: {AMPUTACION DE MIEMBRO SUPERIOR},35
Seccion : {PROCEDIMIENTOS QUIRURGICOS} Capitulo : {SISTEMA OSTEOMUSCULAR} Grupo : {OTROS PROCEDIMIENTOS EN SISTEMA OSTEOMUSCULAR} SubGrupo: {OTROS PROCEDIMIENTOS EN EL SISTEMA OSTEOMUSCULAR},60
Seccion : {PROCEDIMIENTOS QUIRURGICOS} Capitulo : {SISTEMA OSTEOMUSCULAR} Grupo : {OTROS PROCEDIMIENTOS EN SISTEMA OSTEOMUSCULAR} SubGrupo: {REIMPLANTE DE EXTREMIDAD},2
Seccion : {PROCEDIMIENTOS QUIRURGICOS} Capitulo : {SISTEMA OSTEOMUSCULAR} Grupo : {OTROS PROCEDIMIENTOS EN SISTEMA OSTEOMUSCULAR} SubGrupo: {REMODELACION (RECONSTRUCCION) (REVISION) DEL MUÑON DE AMPUTACION},25
Seccion : {PROCEDIMIENTOS QUIRURGICOS} Capitulo : {SISTEMA OSTEOMUSCULAR} Grupo : {PROCEDIMIENTOS DE REPARACION Y PLASTIAS EN ESTRUCTURAS DE LA ARTICULACION} SubGrupo: {ARTRODESIS DE OTRA ARTICULACION},52
Seccion : {PROCEDIMIENTOS QUIRURGICOS} Capitulo : {SISTEMA OSTEOMUSCULAR} Grupo : {PROCEDIMIENTOS DE REPARACION Y PLASTIAS EN ESTRUCTURAS DE LA ARTICULACION} SubGrupo: {ARTRODESIS DE PIE Y TOBILLO},22
Seccion : {PROCEDIMIENTOS QUIRURGICOS} Capitulo : {SISTEMA OSTEOMUSCULAR} Grupo : {PROCEDIMIENTOS DE REPARACION Y PLASTIAS EN ESTRUCTURAS DE LA ARTICULACION} SubGrupo: {ARTRODESIS O FUSION ESPINAL},131
Seccion : {PROCEDIMIENTOS QUIRURGICOS} Capitulo : {SISTEMA OSTEOMUSCULAR} Grupo : {PROCEDIMIENTOS DE REPARACION Y PLASTIAS EN ESTRUCTURAS DE LA ARTICULACION} SubGrupo: {ARTROPLASTIA DE CADERA RODILLA Y TOBILLO},671
Seccion : {PROCEDIMIENTOS QUIRURGICOS} Capitulo : {SISTEMA OSTEOMUSCULAR} Grupo : {PROCEDIMIENTOS DE REPARACION Y PLASTIAS EN ESTRUCTURAS DE LA ARTICULACION} SubGrupo: {ARTROPLASTIA DE PIE Y ARTEJOS},7
Seccion : {PROCEDIMIENTOS QUIRURGICOS} Capitulo : {SISTEMA OSTEOMUSCULAR} Grupo : {PROCEDIMIENTOS DE REPARACION Y PLASTIAS EN ESTRUCTURAS DE LA ARTICULACION} SubGrupo: {ARTROPLASTIA Y REPARACIONES DE MUÑECA MANO Y DEDOS},774
Seccion : {PROCEDIMIENTOS QUIRURGICOS} Capitulo : {SISTEMA OSTEOMUSCULAR} Grupo : {PROCEDIMIENTOS DE REPARACION Y PLASTIAS EN ESTRUCTURAS DE LA ARTICULACION} SubGrupo: {ARTROPLASTIA Y REPARACION DE HOMBRO Y CODO},153
Seccion : {PROCEDIMIENTOS QUIRURGICOS} Capitulo : {SISTEMA OSTEOMUSCULAR} Grupo : {PROCEDIMIENTOS DE REPARACION Y PLASTIAS EN ESTRUCTURAS DE LA ARTICULACION} SubGrupo: {OTROS PROCEDIMIENTOS EN ARTICULACIONES},516
Seccion : {PROCEDIMIENTOS QUIRURGICOS} Capitulo : {SISTEMA OSTEOMUSCULAR} Grupo : {PROCEDIMIENTOS DE REPARACION Y PLASTIAS EN ESTRUCTURAS DE LA ARTICULACION} SubGrupo: {REEMPLAZO ARTICULAR EN EXTREMIDADES INFERIORES},61
Seccion : {PROCEDIMIENTOS QUIRURGICOS} Capitulo : {SISTEMA OSTEOMUSCULAR} Grupo : {PROCEDIMIENTOS EN ESTRUCTURAS DE ARTICULACION} SubGrupo: {ARTROSCOPIA},9
Seccion : {PROCEDIMIENTOS QUIRURGICOS} Capitulo : {SISTEMA RESPIRATORIO} Grupo : {PROCEDIMIENTOS EN TRAQUEA} SubGrupo: {INYECCION},5
Seccion : {PROCEDIMIENTOS QUIRURGICOS} Capitulo : {SISTEMA OSTEOMUSCULAR} Grupo : {PROCEDIMIENTOS EN ESTRUCTURAS DE ARTICULACION} SubGrupo: {BIOPSIA DE ESTRUCTURAS ARTICULARES},4
Seccion : {PROCEDIMIENTOS QUIRURGICOS} Capitulo : {SISTEMA OSTEOMUSCULAR} Grupo : {PROCEDIMIENTOS EN ESTRUCTURAS DE ARTICULACION} SubGrupo: {DIVISION DE CAPSULA O LIGAMENTO O CARTILAGO ARTICULAR},46
Seccion : {PROCEDIMIENTOS QUIRURGICOS} Capitulo : {SISTEMA OSTEOMUSCULAR} Grupo : {PROCEDIMIENTOS EN ESTRUCTURAS DE ARTICULACION} SubGrupo: {ESCISION DE CARTILAGO SEMILUNAR DE RODILLA},242
Seccion : {PROCEDIMIENTOS QUIRURGICOS} Capitulo : {SISTEMA OSTEOMUSCULAR} Grupo : {PROCEDIMIENTOS EN ESTRUCTURAS DE ARTICULACION} SubGrupo: {ESCISION O ABLACIONDE DISCO INTERVERTEBRAL},78
Seccion : {PROCEDIMIENTOS QUIRURGICOS} Capitulo : {SISTEMA OSTEOMUSCULAR} Grupo : {PROCEDIMIENTOS EN ESTRUCTURAS DE ARTICULACION} SubGrupo: {INCISION Y ESCISION DE ESTRUCTURAS DE ARTICULACION},229
Seccion : {PROCEDIMIENTOS QUIRURGICOS} Capitulo : {SISTEMA OSTEOMUSCULAR} Grupo : {PROCEDIMIENTOS EN ESTRUCTURAS DE ARTICULACION} SubGrupo: {OTRA ARTROTOMIA NO CLASIFICADA BAJO OTRO CONCEPTO},61
Seccion : {PROCEDIMIENTOS QUIRURGICOS} Capitulo : {SISTEMA OSTEOMUSCULAR} Grupo : {PROCEDIMIENTOS EN ESTRUCTURAS DE ARTICULACION} SubGrupo: {OTROS PROCEDIMIENTOS EN ARTICULACION},99
Seccion : {PROCEDIMIENTOS QUIRURGICOS} Capitulo : {SISTEMA OSTEOMUSCULAR} Grupo : {PROCEDIMIENTOS EN ESTRUCTURAS DE ARTICULACION} SubGrupo: {SINOVECTOMIA},174
Seccion : {PROCEDIMIENTOS QUIRURGICOS} Capitulo : {SISTEMA OSTEOMUSCULAR} Grupo : {PROCEDIMIENTOS EN HUESOS NO FACIALES} SubGrupo: {BIOPSIA DE HUESO Y PERIOSTIO},25
Seccion : {PROCEDIMIENTOS QUIRURGICOS} Capitulo : {SISTEMA OSTEOMUSCULAR} Grupo : {PROCEDIMIENTOS EN HUESOS NO FACIALES} SubGrupo: {ESCISION LOCAL DE LESION OSEA O TEJIDO OSEO},26
Seccion : {PROCEDIMIENTOS QUIRURGICOS} Capitulo : {SISTEMA OSTEOMUSCULAR} Grupo : {PROCEDIMIENTOS EN HUESOS NO FACIALES} SubGrupo: {ESCISION Y REPARACION DE HALLUX VALGUS (JUANETE) Y DE OTRAS DEFORMIDADES DE LOS DEDOS DEL PIE},24
Seccion : {PROCEDIMIENTOS QUIRURGICOS} Capitulo : {SISTEMA OSTEOMUSCULAR} Grupo : {PROCEDIMIENTOS EN HUESOS NO FACIALES} SubGrupo: {OSTEOTOMIA},357
Seccion : {PROCEDIMIENTOS QUIRURGICOS} Capitulo : {SISTEMA OSTEOMUSCULAR} Grupo : {PROCEDIMIENTOS EN HUESOS NO FACIALES} SubGrupo: {RESECCION OSEA (OSTEOTOMIA) PARCIAL},168
Seccion : {PROCEDIMIENTOS QUIRURGICOS} Capitulo : {SISTEMA OSTEOMUSCULAR} Grupo : {PROCEDIMIENTOS EN HUESOS NO FACIALES} SubGrupo: {RESECCION OSEA (OSTEOTOMIA) TOTAL},21
Seccion : {PROCEDIMIENTOS QUIRURGICOS} Capitulo : {SISTEMA OSTEOMUSCULAR} Grupo : {PROCEDIMIENTOS EN HUESOS NO FACIALES} SubGrupo: {SECUESTRECTOMIA DRENAJE DESBRIDAMIENTO},1860
Seccion : {PROCEDIMIENTOS QUIRURGICOS} Capitulo : {SISTEMA OSTEOMUSCULAR} Grupo : {PROCEDIMIENTOS EN HUESOS NO FACIALES} SubGrupo: {TOMA DE INJERTO OSEO},16
Seccion : {PROCEDIMIENTOS QUIRURGICOS} Capitulo : {SISTEMA OSTEOMUSCULAR} Grupo : {PROCEDIMIENTOS EN HUESOS Y ARTICULACIONES FACIALES} SubGrupo: {ARTROPLASTIA TEMPOROMANDIBULAR},14
Seccion : {PROCEDIMIENTOS QUIRURGICOS} Capitulo : {SISTEMA OSTEOMUSCULAR} Grupo : {PROCEDIMIENTOS EN HUESOS Y ARTICULACIONES FACIALES} SubGrupo: {ESCISION LOCAL O ABLACION DE LESIONES EN HUESO FACIAL},2
Seccion : {PROCEDIMIENTOS QUIRURGICOS} Capitulo : {SISTEMA OSTEOMUSCULAR} Grupo : {PROCEDIMIENTOS EN HUESOS Y ARTICULACIONES FACIALES} SubGrupo: {ESCISION Y RECONSTRUCCION DE HUESOS FACIALES},21
Seccion : {PROCEDIMIENTOS QUIRURGICOS} Capitulo : {SISTEMA OSTEOMUSCULAR} Grupo : {PROCEDIMIENTOS EN HUESOS Y ARTICULACIONES FACIALES} SubGrupo: {INCISION DE HUESO FACIAL SIN DIVISION},122
Seccion : {PROCEDIMIENTOS QUIRURGICOS} Capitulo : {SISTEMA OSTEOMUSCULAR} Grupo : {PROCEDIMIENTOS EN HUESOS Y ARTICULACIONES FACIALES} SubGrupo: {OSTECTOMIA PARCIAL DE HUESO FACIAL},4
Seccion : {PROCEDIMIENTOS QUIRURGICOS} Capitulo : {SISTEMA OSTEOMUSCULAR} Grupo : {PROCEDIMIENTOS EN HUESOS Y ARTICULACIONES FACIALES} SubGrupo: {OTROS PROCEDIMIENTOS EN HUESOS Y ARTICULACIONES FACIALES},98
Seccion : {PROCEDIMIENTOS QUIRURGICOS} Capitulo : {SISTEMA OSTEOMUSCULAR} Grupo : {PROCEDIMIENTOS EN HUESOS Y ARTICULACIONES FACIALES} SubGrupo: {PROCEDIMIENTOS DIAGNOSTICOS EN HUESOS Y ARTICULACIONES FACIALES},14
Seccion : {PROCEDIMIENTOS QUIRURGICOS} Capitulo : {SISTEMA OSTEOMUSCULAR} Grupo : {PROCEDIMIENTOS EN HUESOS Y ARTICULACIONES FACIALES} SubGrupo: {REDUCCION DE FRACTURA FACIAL},859
Seccion : {PROCEDIMIENTOS QUIRURGICOS} Capitulo : {SISTEMA OSTEOMUSCULAR} Grupo : {PROCEDIMIENTOS EN HUESOS Y ARTICULACIONES FACIALES} SubGrupo: {REPARACION DE HUESO FACIAL Y PROCEDIMIENTOS DE ORTOGNATICA},132
Seccion : {PROCEDIMIENTOS QUIRURGICOS} Capitulo : {SISTEMA OSTEOMUSCULAR} Grupo : {PROCEDIMIENTOS EN MUSCULO TENDON FASCIA Y BURSA EXCEPTO MANO} SubGrupo: {BURSECTOMIA},62
Seccion : {PROCEDIMIENTOS QUIRURGICOS} Capitulo : {SISTEMA OSTEOMUSCULAR} Grupo : {PROCEDIMIENTOS EN MUSCULO TENDON FASCIA Y BURSA EXCEPTO MANO} SubGrupo: {ESCISION DE LESION DE MUSCULO TENDON FASCIA Y BOLSA SINOVIAL},12
Seccion : {PROCEDIMIENTOS QUIRURGICOS} Capitulo : {SISTEMA OSTEOMUSCULAR} Grupo : {PROCEDIMIENTOS EN MUSCULO TENDON FASCIA Y BURSA EXCEPTO MANO} SubGrupo: {INCISION DE MUSCULO TENDON FASCIA Y BURSA},11
Seccion : {PROCEDIMIENTOS QUIRURGICOS} Capitulo : {SISTEMA OSTEOMUSCULAR} Grupo : {PROCEDIMIENTOS EN MUSCULO TENDON FASCIA Y BURSA EXCEPTO MANO} SubGrupo: {INCISION O DIVISION EN MUSCULO TENDON Y FASCIA},99
Seccion : {PROCEDIMIENTOS QUIRURGICOS} Capitulo : {SISTEMA OSTEOMUSCULAR} Grupo : {PROCEDIMIENTOS EN MUSCULO TENDON FASCIA Y BURSA EXCEPTO MANO} SubGrupo: {OTRA ESCISION DE MUSCULO TENDON Y FASCIA},67
Seccion : {PROCEDIMIENTOS QUIRURGICOS} Capitulo : {SISTEMA OSTEOMUSCULAR} Grupo : {PROCEDIMIENTOS EN MUSCULO TENDON FASCIA Y BURSA EXCEPTO MANO} SubGrupo: {OTRAS OPERACIONES PLASTICAS EN MUSCULO TENDON Y FASCIA},64
Seccion : {PROCEDIMIENTOS QUIRURGICOS} Capitulo : {SISTEMA OSTEOMUSCULAR} Grupo : {PROCEDIMIENTOS EN MUSCULO TENDON FASCIA Y BURSA EXCEPTO MANO} SubGrupo: {OTROS PROCEDIMIENTOS EN MUSCULOS TENDON FASCIA Y BURSA},218
Seccion : {PROCEDIMIENTOS QUIRURGICOS} Capitulo : {SISTEMA OSTEOMUSCULAR} Grupo : {PROCEDIMIENTOS EN MUSCULO TENDON FASCIA Y BURSA EXCEPTO MANO} SubGrupo: {PROCEDIMIENTOS DIAGNOSTICOS EN MUSCULO TENDON FASCIA Y BOLSA SINOVIAL INCLUSO AQUEL DE MANO},9
Seccion : {PROCEDIMIENTOS QUIRURGICOS} Capitulo : {SISTEMA OSTEOMUSCULAR} Grupo : {PROCEDIMIENTOS EN MUSCULO TENDON FASCIA Y BURSA EXCEPTO MANO} SubGrupo: {RECONSTRUCCION DE MUSCULOS Y TENDON},64
Seccion : {PROCEDIMIENTOS QUIRURGICOS} Capitulo : {SISTEMA OSTEOMUSCULAR} Grupo : {PROCEDIMIENTOS EN MUSCULO TENDON FASCIA Y BURSA EXCEPTO MANO} SubGrupo: {SUTURAS DE MUSCULO TENDON Y FASCIA},1063
Seccion : {PROCEDIMIENTOS QUIRURGICOS} Capitulo : {SISTEMA OSTEOMUSCULAR} Grupo : {PROCEDIMIENTOS EN TENDONES MUSCULOS Y FASCIA DE MANO} SubGrupo: {ESCISION DE LESION DE MUSCULO FASCIA O ENVOLTURA O VAINA DE TENDON DE MANO},18
Seccion : {PROCEDIMIENTOS QUIRURGICOS} Capitulo : {SISTEMA OSTEOMUSCULAR} Grupo : {PROCEDIMIENTOS EN TENDONES MUSCULOS Y FASCIA DE MANO} SubGrupo: {INCISION DE MUSCULO TENDON Y FASCIA DE MANO},6
Seccion : {PROCEDIMIENTOS QUIRURGICOS} Capitulo : {SISTEMA OSTEOMUSCULAR} Grupo : {PROCEDIMIENTOS EN TENDONES MUSCULOS Y FASCIA DE MANO} SubGrupo: {INCISION DE MUSCULO TENDON FASCIA Y BOLSA SINOVIAL DE MANO},2
Seccion : {PROCEDIMIENTOS QUIRURGICOS} Capitulo : {SISTEMA OSTEOMUSCULAR} Grupo : {PROCEDIMIENTOS EN TENDONES MUSCULOS Y FASCIA DE MANO} SubGrupo: {OTRA ESCISION DE TEJIDO BLANDO DE MANO},35
Seccion : {PROCEDIMIENTOS QUIRURGICOS} Capitulo : {SISTEMA OSTEOMUSCULAR} Grupo : {PROCEDIMIENTOS EN TENDONES MUSCULOS Y FASCIA DE MANO} SubGrupo: {OTROS PROCEDIMIENTOS EN MUSCULO TENDON Y FASCIA DE MANO},190
Seccion : {PROCEDIMIENTOS QUIRURGICOS} Capitulo : {SISTEMA OSTEOMUSCULAR} Grupo : {PROCEDIMIENTOS EN TENDONES MUSCULOS Y FASCIA DE MANO} SubGrupo: {OTROS PROCEDIMIENTOS PLASTICOS EN MANO},82
Seccion : {PROCEDIMIENTOS QUIRURGICOS} Capitulo : {SISTEMA OSTEOMUSCULAR} Grupo : {PROCEDIMIENTOS EN TENDONES MUSCULOS Y FASCIA DE MANO} SubGrupo: {PROCEDIMIENTOS PLASTICOS EN MANO CON INJERTO O IMPLANTE},22
Seccion : {PROCEDIMIENTOS QUIRURGICOS} Capitulo : {SISTEMA OSTEOMUSCULAR} Grupo : {PROCEDIMIENTOS EN TENDONES MUSCULOS Y FASCIA DE MANO} SubGrupo: {RECONSTRUCCION DE DEDO PULGAR},4
Seccion : {PROCEDIMIENTOS QUIRURGICOS} Capitulo : {SISTEMA OSTEOMUSCULAR} Grupo : {PROCEDIMIENTOS EN TENDONES MUSCULOS Y FASCIA DE MANO} SubGrupo: {SUTURA DE MUSCULO TENDON Y FASCIA DE MANO},626
Seccion : {PROCEDIMIENTOS QUIRURGICOS} Capitulo : {SISTEMA OSTEOMUSCULAR} Grupo : {PROCEDIMIENTOS EN TENDONES MUSCULOS Y FASCIA DE MANO} SubGrupo: {TRASPLANTE DE MUSCULO Y TENDON DE MANO},35
Seccion : {PROCEDIMIENTOS QUIRURGICOS} Capitulo : {SISTEMA OSTEOMUSCULAR} Grupo : {REDUCCION DE FRACTURA Y LUXACION} SubGrupo: {LAVADO Y DESBRIDAMIENTO DE FRACTURA ABIERTA},105
Seccion : {PROCEDIMIENTOS QUIRURGICOS} Capitulo : {SISTEMA OSTEOMUSCULAR} Grupo : {REDUCCION DE FRACTURA Y LUXACION} SubGrupo: {REDUCCION ABIERTA CON O SIN FIJACION INTERNA DE EPIFISIS SEPARADA},145
Seccion : {PROCEDIMIENTOS QUIRURGICOS} Capitulo : {SISTEMA OSTEOMUSCULAR} Grupo : {REDUCCION DE FRACTURA Y LUXACION} SubGrupo: {REDUCCION ABIERTA DE FRACTURA CON FIJACION INTERNA},4026
Seccion : {PROCEDIMIENTOS QUIRURGICOS} Capitulo : {SISTEMA OSTEOMUSCULAR} Grupo : {REDUCCION DE FRACTURA Y LUXACION} SubGrupo: {REDUCCION ABIERTA DE FRACTURA SIN FIJACION INTERNA},390
Seccion : {PROCEDIMIENTOS QUIRURGICOS} Capitulo : {SISTEMA OSTEOMUSCULAR} Grupo : {REDUCCION DE FRACTURA Y LUXACION} SubGrupo: {REDUCCION ABIERTA DE LUXACION},438
Seccion : {PROCEDIMIENTOS QUIRURGICOS} Capitulo : {SISTEMA OSTEOMUSCULAR} Grupo : {REDUCCION DE FRACTURA Y LUXACION} SubGrupo: {REDUCCION CERRADA DE EPIFISIS SEPARADA},91
Seccion : {PROCEDIMIENTOS QUIRURGICOS} Capitulo : {SISTEMA OSTEOMUSCULAR} Grupo : {REDUCCION DE FRACTURA Y LUXACION} SubGrupo: {REDUCCION CERRADA DE FRACTURA CON FIJACION INTERNA},397
Seccion : {PROCEDIMIENTOS QUIRURGICOS} Capitulo : {SISTEMA OSTEOMUSCULAR} Grupo : {REDUCCION DE FRACTURA Y LUXACION} SubGrupo: {REDUCCION CERRADA DE FRACTURA SIN FIJACION INTERNA},1135
Seccion : {PROCEDIMIENTOS QUIRURGICOS} Capitulo : {SISTEMA OSTEOMUSCULAR} Grupo : {REDUCCION DE FRACTURA Y LUXACION} SubGrupo: {REDUCCION CERRADA DE LUXACIONES},521
Seccion : {PROCEDIMIENTOS QUIRURGICOS} Capitulo : {SISTEMA OSTEOMUSCULAR} Grupo : {REDUCCION DE FRACTURA Y LUXACION} SubGrupo: {REDUCCION DE FRACTURAS INTRAARTICULARES Y LUXOFRACTURAS},534
Seccion : {PROCEDIMIENTOS QUIRURGICOS} Capitulo : {SISTEMA REPRODUCTOR MASCULINO} Grupo : {PROCEDIMIENTOS EN CORDON ESPERMATICO EPIDIDIMO Y CONDUCTO DEFERENTE} SubGrupo: {CORRECCIONES O PLASTIAS DE CORDON ESPERMATICO Y EPIDIDIMO},2
Seccion : {PROCEDIMIENTOS QUIRURGICOS} Capitulo : {SISTEMA REPRODUCTOR MASCULINO} Grupo : {PROCEDIMIENTOS EN CORDON ESPERMATICO EPIDIDIMO Y CONDUCTO DEFERENTE} SubGrupo: {ESCISION DE OTRAS LESIONES DE TEJIDO EN CORDON ESPEMATICO Y EPIDIDIMO},6
Seccion : {PROCEDIMIENTOS QUIRURGICOS} Capitulo : {SISTEMA REPRODUCTOR MASCULINO} Grupo : {PROCEDIMIENTOS EN CORDON ESPERMATICO EPIDIDIMO Y CONDUCTO DEFERENTE} SubGrupo: {ESCISION DE VARICOCELE E HIDROCELE DE CORDON ESPERMATICO},101
Seccion : {PROCEDIMIENTOS QUIRURGICOS} Capitulo : {SISTEMA REPRODUCTOR MASCULINO} Grupo : {PROCEDIMIENTOS EN CORDON ESPERMATICO EPIDIDIMO Y CONDUCTO DEFERENTE} SubGrupo: {OTROS PROCEDIMIENTOS EN CORDON ESPERMATICO EPIDIDIMO Y CONDUCTO DEFERENTE},8
Seccion : {PROCEDIMIENTOS QUIRURGICOS} Capitulo : {SISTEMA REPRODUCTOR MASCULINO} Grupo : {PROCEDIMIENTOS EN CORDON ESPERMATICO EPIDIDIMO Y CONDUCTO DEFERENTE} SubGrupo: {RESECCION DE QUISTES EN CORDON ESPERMATICO EPIDIDIMO O CONDUCTO DEFERENTE},15
Seccion : {PROCEDIMIENTOS QUIRURGICOS} Capitulo : {SISTEMA REPRODUCTOR MASCULINO} Grupo : {PROCEDIMIENTOS EN CORDON ESPERMATICO EPIDIDIMO Y CONDUCTO DEFERENTE} SubGrupo: {VASECTOMIA Y LIGADURA DE CONDUCTO DEFERENTE},271
Seccion : {PROCEDIMIENTOS QUIRURGICOS} Capitulo : {SISTEMA REPRODUCTOR MASCULINO} Grupo : {PROCEDIMIENTOS EN ESCROTO Y TUNICA VAGINALIS} SubGrupo: {CORRECCION O PLASTIAS DE ESCROTO Y TUNICA VAGINALIS},6
Seccion : {PROCEDIMIENTOS QUIRURGICOS} Capitulo : {SISTEMA REPRODUCTOR MASCULINO} Grupo : {PROCEDIMIENTOS EN ESCROTO Y TUNICA VAGINALIS} SubGrupo: {ESCISION DE LESION O CORRECCION EN TUNICA VAGINALIS},31
Seccion : {PROCEDIMIENTOS QUIRURGICOS} Capitulo : {SISTEMA REPRODUCTOR MASCULINO} Grupo : {PROCEDIMIENTOS EN ESCROTO Y TUNICA VAGINALIS} SubGrupo: {ESCISION O ABLACION DE LESION O DE TEJIDO DE ESCROTO},47
Seccion : {PROCEDIMIENTOS QUIRURGICOS} Capitulo : {SISTEMA REPRODUCTOR MASCULINO} Grupo : {PROCEDIMIENTOS EN ESCROTO Y TUNICA VAGINALIS} SubGrupo: {INCISION DE ESCROTO Y TUNICA VAGINALIS},3
Seccion : {PROCEDIMIENTOS QUIRURGICOS} Capitulo : {SISTEMA REPRODUCTOR MASCULINO} Grupo : {PROCEDIMIENTOS EN ESCROTO Y TUNICA VAGINALIS} SubGrupo: {OTROS PROCEDIMIENTOS EN ESCROTO Y TUNICA VAGINALIS},1
Seccion : {PROCEDIMIENTOS QUIRURGICOS} Capitulo : {SISTEMA REPRODUCTOR MASCULINO} Grupo : {PROCEDIMIENTOS EN ESCROTO Y TUNICA VAGINALIS} SubGrupo: {PROCEDIMIENTOS DIAGNOSTICOS EN ESCROTO Y TUNICA VAGINALIS},1
Seccion : {PROCEDIMIENTOS QUIRURGICOS} Capitulo : {SISTEMA REPRODUCTOR MASCULINO} Grupo : {PROCEDIMIENTOS EN PENE} SubGrupo: {AMPUTACION DE PENE},6
Seccion : {PROCEDIMIENTOS QUIRURGICOS} Capitulo : {SISTEMA REPRODUCTOR MASCULINO} Grupo : {PROCEDIMIENTOS EN PENE} SubGrupo: {CIRCUNCISION},274
Seccion : {PROCEDIMIENTOS QUIRURGICOS} Capitulo : {SISTEMA REPRODUCTOR MASCULINO} Grupo : {PROCEDIMIENTOS EN PENE} SubGrupo: {CORRECCIONES Y PLASTIAS EN PENE},61
Seccion : {PROCEDIMIENTOS QUIRURGICOS} Capitulo : {SISTEMA REPRODUCTOR MASCULINO} Grupo : {PROCEDIMIENTOS EN PENE} SubGrupo: {ESCISION LOCAL O ABLACION DE LESION EN PENE},34
Seccion : {PROCEDIMIENTOS QUIRURGICOS} Capitulo : {SISTEMA REPRODUCTOR MASCULINO} Grupo : {PROCEDIMIENTOS EN PENE} SubGrupo: {OTROS PROCEDIMIENTOS EN GENITALES MASCULINOS},29
Seccion : {PROCEDIMIENTOS QUIRURGICOS} Capitulo : {SISTEMA REPRODUCTOR MASCULINO} Grupo : {PROCEDIMIENTOS EN PENE} SubGrupo: {PROCEDIMIENTOS DIAGNOSTICOS EN PENE},3
Seccion : {PROCEDIMIENTOS QUIRURGICOS} Capitulo : {SISTEMA REPRODUCTOR MASCULINO} Grupo : {PROCEDIMIENTOS EN PROSTATA Y VESICULAS SEMINALES} SubGrupo: {ADENOMECTOMIA SUPRAPUBICA},51
Seccion : {PROCEDIMIENTOS QUIRURGICOS} Capitulo : {SISTEMA REPRODUCTOR MASCULINO} Grupo : {PROCEDIMIENTOS EN PROSTATA Y VESICULAS SEMINALES} SubGrupo: {ADENOMECTOMIAS RETROPUBICAS},21
Seccion : {PROCEDIMIENTOS QUIRURGICOS} Capitulo : {SISTEMA REPRODUCTOR MASCULINO} Grupo : {PROCEDIMIENTOS EN PROSTATA Y VESICULAS SEMINALES} SubGrupo: {PROCEDIMIENTOS DIAGNOSTICOS EN PROSTATA Y VESICULAS SEMINALES},25
Seccion : {PROCEDIMIENTOS QUIRURGICOS} Capitulo : {SISTEMA REPRODUCTOR MASCULINO} Grupo : {PROCEDIMIENTOS EN PROSTATA Y VESICULAS SEMINALES} SubGrupo: {PROSTATECTOMIA RADICAL},20
Seccion : {PROCEDIMIENTOS QUIRURGICOS} Capitulo : {SISTEMA REPRODUCTOR MASCULINO} Grupo : {PROCEDIMIENTOS EN PROSTATA Y VESICULAS SEMINALES} SubGrupo: {PROSTATECTOMIAS TRANSURETRALES},188
Seccion : {PROCEDIMIENTOS QUIRURGICOS} Capitulo : {SISTEMA REPRODUCTOR MASCULINO} Grupo : {PROCEDIMIENTOS EN TESTICULO} SubGrupo: {ESCISION O ABLACION DE LESION TESTICULAR},9
Seccion : {PROCEDIMIENTOS QUIRURGICOS} Capitulo : {SISTEMA REPRODUCTOR MASCULINO} Grupo : {PROCEDIMIENTOS EN TESTICULO} SubGrupo: {INCISION DE TESTICULO},2
Seccion : {PROCEDIMIENTOS QUIRURGICOS} Capitulo : {SISTEMA REPRODUCTOR MASCULINO} Grupo : {PROCEDIMIENTOS EN TESTICULO} SubGrupo: {ORQUIDOPEXIAS},69
Seccion : {PROCEDIMIENTOS QUIRURGICOS} Capitulo : {SISTEMA REPRODUCTOR MASCULINO} Grupo : {PROCEDIMIENTOS EN TESTICULO} SubGrupo: {OTROS PROCEDIMIENTOS EN TESTICULO},1
Seccion : {PROCEDIMIENTOS QUIRURGICOS} Capitulo : {SISTEMA REPRODUCTOR MASCULINO} Grupo : {PROCEDIMIENTOS EN TESTICULO} SubGrupo: {PLASTIA O REPARACION DE TESTICULO},18
Seccion : {PROCEDIMIENTOS QUIRURGICOS} Capitulo : {SISTEMA REPRODUCTOR MASCULINO} Grupo : {PROCEDIMIENTOS EN TESTICULO} SubGrupo: {PROCEDIMIENTOS DIAGNOSTICOS EN TESTICULO},2
Seccion : {PROCEDIMIENTOS QUIRURGICOS} Capitulo : {SISTEMA REPRODUCTOR MASCULINO} Grupo : {PROCEDIMIENTOS EN TESTICULO} SubGrupo: {RESECCION DE LESION TESTICULAR SOD},46
Seccion : {PROCEDIMIENTOS QUIRURGICOS} Capitulo : {SISTEMA RESPIRATORIO} Grupo : {OTROS PROCEDIMIENTOS EN BRONQUIO Y PULMON} SubGrupo: {NEUMORRAFIA SIMPLE},20
Seccion : {PROCEDIMIENTOS QUIRURGICOS} Capitulo : {SISTEMA RESPIRATORIO} Grupo : {OTROS PROCEDIMIENTOS EN BRONQUIO Y PULMON} SubGrupo: {PROCEDIMIENTOS EN PULMON Y BRONQUIO},235
Seccion : {PROCEDIMIENTOS QUIRURGICOS} Capitulo : {SISTEMA RESPIRATORIO} Grupo : {OTROS PROCEDIMIENTOS EN BRONQUIO Y PULMON} SubGrupo: {RECONSTRUCCION DE BRONQUIO (BRONCOPLASTIA) SOD},1
Seccion : {PROCEDIMIENTOS QUIRURGICOS} Capitulo : {SISTEMA RESPIRATORIO} Grupo : {OTROS PROCEDIMIENTOS EN BRONQUIO Y PULMON} SubGrupo: {REPARACION DE LACERACION PULMONAR CON CONTROL DE HEMORRAGIA  POR TORACOTOMIA},3
Seccion : {PROCEDIMIENTOS QUIRURGICOS} Capitulo : {SISTEMA RESPIRATORIO} Grupo : {PROCEDIMIENTOS EN BRONQUIO Y PULMON} SubGrupo: {ESCISION O ABLACION DE LESION O TEJIDO PULMONAR},2
Seccion : {PROCEDIMIENTOS QUIRURGICOS} Capitulo : {SISTEMA RESPIRATORIO} Grupo : {PROCEDIMIENTOS EN BRONQUIO Y PULMON} SubGrupo: {LOBECTOMIA},24
Seccion : {PROCEDIMIENTOS QUIRURGICOS} Capitulo : {SISTEMA RESPIRATORIO} Grupo : {PROCEDIMIENTOS EN BRONQUIO Y PULMON} SubGrupo: {LOBECTOMIA DE PULMON},4
Seccion : {PROCEDIMIENTOS QUIRURGICOS} Capitulo : {SISTEMA RESPIRATORIO} Grupo : {PROCEDIMIENTOS EN BRONQUIO Y PULMON} SubGrupo: {NEUMONECTOMIA},2
Seccion : {PROCEDIMIENTOS QUIRURGICOS} Capitulo : {SISTEMA RESPIRATORIO} Grupo : {PROCEDIMIENTOS EN LARINGE} SubGrupo: {ESCISION O ABLACION DE LESION O TEJIDO DE LARINGE},84
Seccion : {PROCEDIMIENTOS QUIRURGICOS} Capitulo : {SISTEMA RESPIRATORIO} Grupo : {PROCEDIMIENTOS EN LARINGE} SubGrupo: {LARINGECTOMIA PARCIAL},21
Seccion : {PROCEDIMIENTOS QUIRURGICOS} Capitulo : {SISTEMA RESPIRATORIO} Grupo : {PROCEDIMIENTOS EN LARINGE} SubGrupo: {LARINGECTOMIAS TOTALES},1
Seccion : {PROCEDIMIENTOS QUIRURGICOS} Capitulo : {SISTEMA RESPIRATORIO} Grupo : {PROCEDIMIENTOS EN PARED TORACICA PLEURA MEDIASTINO Y DIAFRAGMA} SubGrupo: {CERCLAJE ESTERNAL SOD},1
Seccion : {PROCEDIMIENTOS QUIRURGICOS} Capitulo : {SISTEMA RESPIRATORIO} Grupo : {PROCEDIMIENTOS EN PARED TORACICA PLEURA MEDIASTINO Y DIAFRAGMA} SubGrupo: {CIERRE DE TORACOSTOMIA ABIERTA SOD},4
Seccion : {PROCEDIMIENTOS QUIRURGICOS} Capitulo : {SISTEMA RESPIRATORIO} Grupo : {PROCEDIMIENTOS EN PARED TORACICA PLEURA MEDIASTINO Y DIAFRAGMA} SubGrupo: {ESCISION - EXTRACCION},1
Seccion : {PROCEDIMIENTOS QUIRURGICOS} Capitulo : {SISTEMA RESPIRATORIO} Grupo : {PROCEDIMIENTOS EN PARED TORACICA PLEURA MEDIASTINO Y DIAFRAGMA} SubGrupo: {PROCEDIMIENTOS EN MEDIASTINO},31
Seccion : {PROCEDIMIENTOS QUIRURGICOS} Capitulo : {SISTEMA RESPIRATORIO} Grupo : {PROCEDIMIENTOS EN PARED TORACICA PLEURA MEDIASTINO Y DIAFRAGMA} SubGrupo: {PROCEDIMIENTOS EN PARED TORACICA},254
Seccion : {PROCEDIMIENTOS QUIRURGICOS} Capitulo : {SISTEMA RESPIRATORIO} Grupo : {PROCEDIMIENTOS EN PARED TORACICA PLEURA MEDIASTINO Y DIAFRAGMA} SubGrupo: {PROCEDIMIENTOS EN PARED TORACICA PLEURA MEDIASTINO Y DIAFRAGMA},36
Seccion : {PROCEDIMIENTOS QUIRURGICOS} Capitulo : {SISTEMA RESPIRATORIO} Grupo : {PROCEDIMIENTOS EN PARED TORACICA PLEURA MEDIASTINO Y DIAFRAGMA} SubGrupo: {PROCEDIMIENTOS EN PLEURA},84
Seccion : {PROCEDIMIENTOS QUIRURGICOS} Capitulo : {SISTEMA RESPIRATORIO} Grupo : {PROCEDIMIENTOS EN PARED TORACICA PLEURA MEDIASTINO Y DIAFRAGMA} SubGrupo: {RECONSTRUCCION DE LA PARED TORACICA ANTERIOR CON COLGAJO (MUSCULAR O DE EPIPLON)},4
Seccion : {PROCEDIMIENTOS QUIRURGICOS} Capitulo : {SISTEMA RESPIRATORIO} Grupo : {PROCEDIMIENTOS EN PARED TORACICA PLEURA MEDIASTINO Y DIAFRAGMA} SubGrupo: {RESECCION Y EXTRACCION},3
Seccion : {PROCEDIMIENTOS QUIRURGICOS} Capitulo : {SISTEMA RESPIRATORIO} Grupo : {PROCEDIMIENTOS EN PARED TORACICA PLEURA MEDIASTINO Y DIAFRAGMA} SubGrupo: {TORACOSCOPIA},20
Seccion : {PROCEDIMIENTOS QUIRURGICOS} Capitulo : {SISTEMA RESPIRATORIO} Grupo : {PROCEDIMIENTOS EN TRAQUEA} SubGrupo: {CRICOTIROTOMIAS Y TRAQUEOSTOMIAS},190
Seccion : {PROCEDIMIENTOS QUIRURGICOS} Capitulo : {SISTEMA RESPIRATORIO} Grupo : {PROCEDIMIENTOS EN TRAQUEA} SubGrupo: {ESCISION O ABLACION DE LESION O TEJIDO DE TRAQUEA},2
Seccion : {PROCEDIMIENTOS QUIRURGICOS} Capitulo : {SISTEMA RESPIRATORIO} Grupo : {PROCEDIMIENTOS EN TRAQUEA} SubGrupo: {EXTRACCION DE CUERPO EXTRAÑO EN TRAQUEA},4
Seccion : {PROCEDIMIENTOS QUIRURGICOS} Capitulo : {SISTEMA RESPIRATORIO} Grupo : {PROCEDIMIENTOS EN TRAQUEA} SubGrupo: {OTROS PROCEDIMIENTOS},9
Seccion : {PROCEDIMIENTOS QUIRURGICOS} Capitulo : {SISTEMA RESPIRATORIO} Grupo : {PROCEDIMIENTOS EN TRAQUEA} SubGrupo: {OTROS PROCEDIMIENTOS EN TRAQUEA},2
Seccion : {PROCEDIMIENTOS QUIRURGICOS} Capitulo : {SISTEMA RESPIRATORIO} Grupo : {PROCEDIMIENTOS EN TRAQUEA} SubGrupo: {PROCEDIMIENTOS DE REPARACION Y PLASTIA EN TRAQUEA},7
Seccion : {PROCEDIMIENTOS QUIRURGICOS} Capitulo : {SISTEMA RESPIRATORIO} Grupo : {PROCEDIMIENTOS EN TRAQUEA} SubGrupo: {PROCEDIMIENTOS DIANOSTICOS EN TRAQUEA},85
Seccion : {PROCEDIMIENTOS QUIRURGICOS} Capitulo : {SISTEMA TEGUMENTARIO} Grupo : {PROCEDIMIENTOS EN LA MAMA} SubGrupo: {ESCISION DE TEJIDO DE LA MAMA},3
Seccion : {PROCEDIMIENTOS QUIRURGICOS} Capitulo : {SISTEMA TEGUMENTARIO} Grupo : {PROCEDIMIENTOS EN LA MAMA} SubGrupo: {MASTECTOMIA},5
Seccion : {PROCEDIMIENTOS QUIRURGICOS} Capitulo : {SISTEMA TEGUMENTARIO} Grupo : {PROCEDIMIENTOS EN LA MAMA} SubGrupo: {OTROS PROCEDIMIENTOS EN LA MAMA},1
Seccion : {PROCEDIMIENTOS QUIRURGICOS} Capitulo : {SISTEMA TEGUMENTARIO} Grupo : {PROCEDIMIENTOS EN LA MAMA} SubGrupo: {PLASTIAS EN MAMA (MAMOPLASTIA)},1
Seccion : {PROCEDIMIENTOS QUIRURGICOS} Capitulo : {SISTEMA TEGUMENTARIO} Grupo : {PROCEDIMIENTOS EN LA MAMA} SubGrupo: {PROCEDIMIENTOS DIAGNOSTICOS EN MAMA},2
Seccion : {PROCEDIMIENTOS QUIRURGICOS} Capitulo : {SISTEMA TEGUMENTARIO} Grupo : {PROCEDIMIENTOS EN LA MAMA} SubGrupo: {REPARACIONES EN MAMA},45
Seccion : {PROCEDIMIENTOS QUIRURGICOS} Capitulo : {SISTEMA TEGUMENTARIO} Grupo : {PROCEDIMIENTOS EN PIEL Y TEJIDO CELULAR SUBCUTANEO} SubGrupo: {COLGAJOS},1932
Seccion : {PROCEDIMIENTOS QUIRURGICOS} Capitulo : {SISTEMA TEGUMENTARIO} Grupo : {PROCEDIMIENTOS EN PIEL Y TEJIDO CELULAR SUBCUTANEO} SubGrupo: {ESCISION O ABLACION DE LESION O TEJIDO DE PIEL Y TEJIDO CELULAR SUBCUTANEO},3135
Seccion : {PROCEDIMIENTOS QUIRURGICOS} Capitulo : {SISTEMA TEGUMENTARIO} Grupo : {PROCEDIMIENTOS EN PIEL Y TEJIDO CELULAR SUBCUTANEO} SubGrupo: {ESCISION RADICAL DE LESION CUTANEA},622
Seccion : {PROCEDIMIENTOS QUIRURGICOS} Capitulo : {SISTEMA TEGUMENTARIO} Grupo : {PROCEDIMIENTOS EN PIEL Y TEJIDO CELULAR SUBCUTANEO} SubGrupo: {INCISION DE PIEL Y TEJIDO CELULAR SUBCUTANEO},521
Seccion : {PROCEDIMIENTOS QUIRURGICOS} Capitulo : {SISTEMA TEGUMENTARIO} Grupo : {PROCEDIMIENTOS EN PIEL Y TEJIDO CELULAR SUBCUTANEO} SubGrupo: {INJERTO CUTANEO LIBRE},232
Seccion : {PROCEDIMIENTOS QUIRURGICOS} Capitulo : {SISTEMA TEGUMENTARIO} Grupo : {PROCEDIMIENTOS EN PIEL Y TEJIDO CELULAR SUBCUTANEO} SubGrupo: {OTRA ESCISION LOCAL O ABLACION DE LESION DE PIEL Y TEJIDO CELULAR SUBCUTANEO},981
Seccion : {PROCEDIMIENTOS QUIRURGICOS} Capitulo : {SISTEMA TEGUMENTARIO} Grupo : {PROCEDIMIENTOS EN PIEL Y TEJIDO CELULAR SUBCUTANEO} SubGrupo: {OTROS PROCEDIMIENTOS EN PIEL Y TEJIDO CELULAR SUBCUTANEO},1345
Seccion : {PROCEDIMIENTOS QUIRURGICOS} Capitulo : {SISTEMA TEGUMENTARIO} Grupo : {PROCEDIMIENTOS EN PIEL Y TEJIDO CELULAR SUBCUTANEO} SubGrupo: {PROCEDIMIENTOS DIAGNOSTICOS EN PIEL Y TEJIDO CELULAR SUBCUTANEO},537
Seccion : {PROCEDIMIENTOS QUIRURGICOS} Capitulo : {SISTEMA TEGUMENTARIO} Grupo : {PROCEDIMIENTOS EN PIEL Y TEJIDO CELULAR SUBCUTANEO} SubGrupo: {REPARACION Y RECONSTRUCCION DE PIEL Y TEJIDO CELULAR SUBCUTANEO},233
Seccion : {PROCEDIMIENTOS QUIRURGICOS} Capitulo : {SISTEMA TEGUMENTARIO} Grupo : {PROCEDIMIENTOS EN PIEL Y TEJIDO CELULAR SUBCUTANEO} SubGrupo: {SUTURA DE PIEL Y TEJIDO CELULAR SUBCUTANEO},2431
Seccion : {PROCEDIMIENTOS QUIRURGICOS} Capitulo : {SISTEMA URINARIO} Grupo : {OTROS PROCEDIMIENTOS EN EL TRACTO URINARIO} SubGrupo: {CATETERISMO URETERAL},54
Seccion : {PROCEDIMIENTOS QUIRURGICOS} Capitulo : {SISTEMA URINARIO} Grupo : {OTROS PROCEDIMIENTOS EN EL TRACTO URINARIO} SubGrupo: {OTRAS CORRECCIONES DE INCONTINENCIA URINARIA DE ESFUERZO},2
Seccion : {PROCEDIMIENTOS QUIRURGICOS} Capitulo : {SISTEMA URINARIO} Grupo : {OTROS PROCEDIMIENTOS EN EL TRACTO URINARIO} SubGrupo: {OTROS PROCEDIMIENTOS EN SISTEMA URINARIO},15
Seccion : {PROCEDIMIENTOS QUIRURGICOS} Capitulo : {SISTEMA URINARIO} Grupo : {PROCEDIMIENTOS EN RIÑON} SubGrupo: {ESCISION LOCAL DE LESION RENAL},1
Seccion : {PROCEDIMIENTOS QUIRURGICOS} Capitulo : {SISTEMA URINARIO} Grupo : {PROCEDIMIENTOS EN RIÑON} SubGrupo: {NEFRECTOMIA PARCIAL},9
Seccion : {PROCEDIMIENTOS QUIRURGICOS} Capitulo : {SISTEMA URINARIO} Grupo : {PROCEDIMIENTOS EN RIÑON} SubGrupo: {NEFRECTOMIA TOTAL},51
Seccion : {PROCEDIMIENTOS QUIRURGICOS} Capitulo : {SISTEMA URINARIO} Grupo : {PROCEDIMIENTOS EN RIÑON} SubGrupo: {NEFROTOMIA Y NEFROSTOMIA},45
Seccion : {PROCEDIMIENTOS QUIRURGICOS} Capitulo : {SISTEMA URINARIO} Grupo : {PROCEDIMIENTOS EN RIÑON} SubGrupo: {OTRAS REPARACIONES EN RIÑON},38
Seccion : {PROCEDIMIENTOS QUIRURGICOS} Capitulo : {SISTEMA URINARIO} Grupo : {PROCEDIMIENTOS EN RIÑON} SubGrupo: {OTROS PROCEDIMIENTOS EN RIÑON},3
Seccion : {PROCEDIMIENTOS QUIRURGICOS} Capitulo : {SISTEMA URINARIO} Grupo : {PROCEDIMIENTOS EN RIÑON} SubGrupo: {PIELOTOMIA Y PIELOSTOMIA},7
Seccion : {PROCEDIMIENTOS QUIRURGICOS} Capitulo : {SISTEMA URINARIO} Grupo : {PROCEDIMIENTOS EN RIÑON} SubGrupo: {PROCEDIMIENTOS DIAGNOSTICOS EN RIÑON Y TEJIDOS PERIRENALES},32
Seccion : {PROCEDIMIENTOS QUIRURGICOS} Capitulo : {SISTEMA URINARIO} Grupo : {PROCEDIMIENTOS EN RIÑON} SubGrupo: {TRASPLANTE DE RIÑON},12
Seccion : {PROCEDIMIENTOS QUIRURGICOS} Capitulo : {SISTEMA URINARIO} Grupo : {PROCEDIMIENTOS EN URETRA} SubGrupo: {CATETERISMO URETRAL},21
Seccion : {PROCEDIMIENTOS QUIRURGICOS} Capitulo : {SISTEMA URINARIO} Grupo : {PROCEDIMIENTOS EN URETRA} SubGrupo: {DILATACION DE URETRA},23
Seccion : {PROCEDIMIENTOS QUIRURGICOS} Capitulo : {SISTEMA URINARIO} Grupo : {PROCEDIMIENTOS EN URETRA} SubGrupo: {ESCISION O ABLACION DE LESION O TEJIDO URETRAL},8
Seccion : {PROCEDIMIENTOS QUIRURGICOS} Capitulo : {SISTEMA URINARIO} Grupo : {PROCEDIMIENTOS EN URETRA} SubGrupo: {EXTRACCION DE CALCULOS EN URETRA SIN INCISION},1
Seccion : {PROCEDIMIENTOS QUIRURGICOS} Capitulo : {SISTEMA URINARIO} Grupo : {PROCEDIMIENTOS EN URETRA} SubGrupo: {INCISION DE URETRA (URETROTOMIAS Y URETROSTOMIAS)},29
Seccion : {PROCEDIMIENTOS QUIRURGICOS} Capitulo : {SISTEMA URINARIO} Grupo : {PROCEDIMIENTOS EN URETRA} SubGrupo: {OTROS PROCEDIMIENTOS EN URETRA Y TEJIDO PERIURETRAL},1
Seccion : {PROCEDIMIENTOS QUIRURGICOS} Capitulo : {SISTEMA URINARIO} Grupo : {PROCEDIMIENTOS EN URETRA} SubGrupo: {PROCEDIMIENTOS DIAGNOSTICOS EN URETRA Y TEJIDO PERIURETRAL},2
Seccion : {PROCEDIMIENTOS QUIRURGICOS} Capitulo : {SISTEMA URINARIO} Grupo : {PROCEDIMIENTOS EN URETRA} SubGrupo: {PROCEDIMIENTOS EN ESFINTER URETRAL},1
Seccion : {PROCEDIMIENTOS QUIRURGICOS} Capitulo : {SISTEMA URINARIO} Grupo : {PROCEDIMIENTOS EN URETRA} SubGrupo: {REPARACION DE URETRA},28
Seccion : {PROCEDIMIENTOS QUIRURGICOS} Capitulo : {SISTEMA URINARIO} Grupo : {PROCEDIMIENTOS EN URETER} SubGrupo: {MEATOTOMIA},3
Seccion : {PROCEDIMIENTOS QUIRURGICOS} Capitulo : {SISTEMA URINARIO} Grupo : {PROCEDIMIENTOS EN URETER} SubGrupo: {OTRA ANASTOMOSIS O DERIVACION DE URETER},8
Seccion : {PROCEDIMIENTOS QUIRURGICOS} Capitulo : {SISTEMA URINARIO} Grupo : {PROCEDIMIENTOS EN URETER} SubGrupo: {OTROS PROCEDIMIENTOS EN URETER},32
Seccion : {PROCEDIMIENTOS QUIRURGICOS} Capitulo : {SISTEMA URINARIO} Grupo : {PROCEDIMIENTOS EN URETER} SubGrupo: {PROCEDIMIENTOS DIAGNOSTICOS EN URETER},72
Seccion : {PROCEDIMIENTOS QUIRURGICOS} Capitulo : {SISTEMA URINARIO} Grupo : {PROCEDIMIENTOS EN URETER} SubGrupo: {REMOCION TRANSURETRAL (ENDOSCOPICA) DE OBSTRUCCION EN URETER O PELVIS RENAL},67
Seccion : {PROCEDIMIENTOS QUIRURGICOS} Capitulo : {SISTEMA URINARIO} Grupo : {PROCEDIMIENTOS EN URETER} SubGrupo: {URETERECTOMIA},1
Seccion : {PROCEDIMIENTOS QUIRURGICOS} Capitulo : {SISTEMA URINARIO} Grupo : {PROCEDIMIENTOS EN URETER} SubGrupo: {URETEROTOMIA},4
Seccion : {PROCEDIMIENTOS QUIRURGICOS} Capitulo : {SISTEMA URINARIO} Grupo : {PROCEDIMIENTOS EN VEJIGA} SubGrupo: {CISTECTOMIA PARCIAL},20
Seccion : {PROCEDIMIENTOS QUIRURGICOS} Capitulo : {SISTEMA URINARIO} Grupo : {PROCEDIMIENTOS EN VEJIGA} SubGrupo: {CISTECTOMIA TOTAL Y RADICAL},1
Seccion : {PROCEDIMIENTOS QUIRURGICOS} Capitulo : {SISTEMA URINARIO} Grupo : {PROCEDIMIENTOS EN VEJIGA} SubGrupo: {CISTOTOMIAS Y CISTOSTOMIAS},29
Seccion : {PROCEDIMIENTOS QUIRURGICOS} Capitulo : {SISTEMA URINARIO} Grupo : {PROCEDIMIENTOS EN VEJIGA} SubGrupo: {DRENAJE TRANSURETRAL DE VEJIGA},28
Seccion : {PROCEDIMIENTOS QUIRURGICOS} Capitulo : {SISTEMA URINARIO} Grupo : {PROCEDIMIENTOS EN VEJIGA} SubGrupo: {ESCISION O ABLACION TRANSURETRAL DE TEJIDO VESICAL},50
Seccion : {PROCEDIMIENTOS QUIRURGICOS} Capitulo : {SISTEMA URINARIO} Grupo : {PROCEDIMIENTOS EN VEJIGA} SubGrupo: {OTRA ESCISION O ABLACION DE TEJIDO VESICAL},17
Seccion : {PROCEDIMIENTOS QUIRURGICOS} Capitulo : {SISTEMA URINARIO} Grupo : {PROCEDIMIENTOS EN VEJIGA} SubGrupo: {OTROS PROCEDIMIENTOS EN VEJIGA},527
Seccion : {PROCEDIMIENTOS QUIRURGICOS} Capitulo : {SISTEMA URINARIO} Grupo : {PROCEDIMIENTOS EN VEJIGA} SubGrupo: {PROCEDIMIENTOS DIAGNOSTICOS EN VEJIGA},200
Seccion : {PROCEDIMIENTOS QUIRURGICOS} Capitulo : {SISTEMA URINARIO} Grupo : {PROCEDIMIENTOS EN VEJIGA} SubGrupo: {REPARACION O CORRECCION EN VEJIGA},12
Seccion : {PROCEDIMIENTOS QUIRURGICOS} Capitulo : {SISTEMA URINARIO} Grupo : {PROCEDIMIENTOS EN VEJIGA} SubGrupo: {VESICOSTOMIA},2
Seccion : {PROCEDIMIENTOS QUIRURGICOS} Capitulo : {SISTEMA VISUAL} Grupo : {PROCEDIMIENTOS E INTERVENCIONES EN APARATO LAGRIMAL} SubGrupo: {FISTULIZACION DE TRACTO LAGRIMAL HASTA CAVIDAD NASAL},1
Seccion : {PROCEDIMIENTOS QUIRURGICOS} Capitulo : {SISTEMA VISUAL} Grupo : {PROCEDIMIENTOS E INTERVENCIONES EN APARATO LAGRIMAL} SubGrupo: {INCISION DE SACO Y CONDUCTO LACRIMAL},1
Seccion : {PROCEDIMIENTOS QUIRURGICOS} Capitulo : {SISTEMA VISUAL} Grupo : {PROCEDIMIENTOS E INTERVENCIONES EN APARATO LAGRIMAL} SubGrupo: {MANIPULACION DEL CONDUCTO LAGRIMAL},10
Seccion : {PROCEDIMIENTOS QUIRURGICOS} Capitulo : {SISTEMA VISUAL} Grupo : {PROCEDIMIENTOS E INTERVENCIONES EN APARATO LAGRIMAL} SubGrupo: {REPARACION DE PUNTO Y CANALICULO LAGRIMAL},18
Seccion : {PROCEDIMIENTOS QUIRURGICOS} Capitulo : {SISTEMA VISUAL} Grupo : {PROCEDIMIENTOS EN CONJUNTIVA} SubGrupo: {CONJUNTIVOPLASTIA},4
Seccion : {PROCEDIMIENTOS QUIRURGICOS} Capitulo : {SISTEMA VISUAL} Grupo : {PROCEDIMIENTOS EN CONJUNTIVA} SubGrupo: {ESCISION O ABLACION DE LESION O TEJIDO DE CONJUNTIVA},147
Seccion : {PROCEDIMIENTOS QUIRURGICOS} Capitulo : {SISTEMA VISUAL} Grupo : {PROCEDIMIENTOS EN CONJUNTIVA} SubGrupo: {EXTRACCION DE CUERPO EXTRAÑO INCRUSTADO EN CONJUNTIVA},46
Seccion : {PROCEDIMIENTOS QUIRURGICOS} Capitulo : {SISTEMA VISUAL} Grupo : {PROCEDIMIENTOS EN CONJUNTIVA} SubGrupo: {OTROS PROCEDIMIENTOS EN CONJUNTIVA},1
Seccion : {PROCEDIMIENTOS QUIRURGICOS} Capitulo : {SISTEMA VISUAL} Grupo : {PROCEDIMIENTOS EN CONJUNTIVA} SubGrupo: {REPARACION DE LACERACION DE CONJUNTIVA},6
Seccion : {PROCEDIMIENTOS QUIRURGICOS} Capitulo : {SISTEMA VISUAL} Grupo : {PROCEDIMIENTOS EN CRISTALINO} SubGrupo: {EXTRACCION DE CRISTALINO IMPLANTADO},1
Seccion : {PROCEDIMIENTOS QUIRURGICOS} Capitulo : {SISTEMA VISUAL} Grupo : {PROCEDIMIENTOS EN CRISTALINO} SubGrupo: {EXTRACCION EXTRACAPSULAR DE CRISTALINO},277
Seccion : {PROCEDIMIENTOS QUIRURGICOS} Capitulo : {SISTEMA VISUAL} Grupo : {PROCEDIMIENTOS EN CRISTALINO} SubGrupo: {INSERCION DE LENTE INTRAOCULAR (CRISTALINO PROTESICO)},12
Seccion : {PROCEDIMIENTOS QUIRURGICOS} Capitulo : {SISTEMA VISUAL} Grupo : {PROCEDIMIENTOS EN CRISTALINO} SubGrupo: {OTRA EXTRACCION DE CATARATA},70
Seccion : {PROCEDIMIENTOS QUIRURGICOS} Capitulo : {SISTEMA VISUAL} Grupo : {PROCEDIMIENTOS EN CORNEA} SubGrupo: {CIRUGIA RECONSTRUCTIVA Y REFRACTIVA EN CORNEA},17
Seccion : {PROCEDIMIENTOS QUIRURGICOS} Capitulo : {SISTEMA VISUAL} Grupo : {PROCEDIMIENTOS EN CORNEA} SubGrupo: {ESCISION O ABLACION DE TEJIDO U OTRA LESION DE CORNEA},1
Seccion : {PROCEDIMIENTOS QUIRURGICOS} Capitulo : {SISTEMA VISUAL} Grupo : {PROCEDIMIENTOS EN CORNEA} SubGrupo: {EXTRACCION DE CUERPO EXTRAÑO EN CORNEA},2
Seccion : {PROCEDIMIENTOS QUIRURGICOS} Capitulo : {SISTEMA VISUAL} Grupo : {PROCEDIMIENTOS EN CORNEA} SubGrupo: {INCISION DE CORNEA},8
Seccion : {PROCEDIMIENTOS QUIRURGICOS} Capitulo : {SISTEMA VISUAL} Grupo : {PROCEDIMIENTOS EN CORNEA} SubGrupo: {REPARACION DE CORNEA},16
Seccion : {PROCEDIMIENTOS QUIRURGICOS} Capitulo : {SISTEMA VISUAL} Grupo : {PROCEDIMIENTOS EN CORNEA} SubGrupo: {TRASPLANTE DE CORNEA},27
Seccion : {PROCEDIMIENTOS QUIRURGICOS} Capitulo : {SISTEMA VISUAL} Grupo : {PROCEDIMIENTOS EN IRIS CUERPO CILIAR ESCLERA Y CAMARA} SubGrupo: {EXTRACCION DE CUERPO EXTRAÑO INTRAOCULAR},3
Seccion : {PROCEDIMIENTOS QUIRURGICOS} Capitulo : {SISTEMA VISUAL} Grupo : {PROCEDIMIENTOS EN IRIS CUERPO CILIAR ESCLERA Y CAMARA} SubGrupo: {FISTULIZACION ESCLERAL},10
Seccion : {PROCEDIMIENTOS QUIRURGICOS} Capitulo : {SISTEMA VISUAL} Grupo : {PROCEDIMIENTOS EN IRIS CUERPO CILIAR ESCLERA Y CAMARA} SubGrupo: {IRIDOPLASTIA Y PUPILOPLASTIA},16
Seccion : {PROCEDIMIENTOS QUIRURGICOS} Capitulo : {SISTEMA VISUAL} Grupo : {PROCEDIMIENTOS EN IRIS CUERPO CILIAR ESCLERA Y CAMARA} SubGrupo: {IRIDOTOMIA E IRIDECTOMIA SIMPLE},95
Seccion : {PROCEDIMIENTOS QUIRURGICOS} Capitulo : {SISTEMA VISUAL} Grupo : {PROCEDIMIENTOS EN IRIS CUERPO CILIAR ESCLERA Y CAMARA} SubGrupo: {OTROS PROCEDIMIENTOS EN IRIS CUERPO CILIAR Y CAMARA ANTERIOR},3
Seccion : {PROCEDIMIENTOS QUIRURGICOS} Capitulo : {SISTEMA VISUAL} Grupo : {PROCEDIMIENTOS EN IRIS CUERPO CILIAR ESCLERA Y CAMARA} SubGrupo: {OTROS PROCEDIMIENTOS PARA DISMINUIR LA ELEVACION DE PRESION INTRAOCULAR (ANTIGLAUCOMA)},45
Seccion : {PROCEDIMIENTOS QUIRURGICOS} Capitulo : {SISTEMA VISUAL} Grupo : {PROCEDIMIENTOS EN IRIS CUERPO CILIAR ESCLERA Y CAMARA} SubGrupo: {PROCEDIMIENTOS EN ESCLERA},14
Seccion : {PROCEDIMIENTOS QUIRURGICOS} Capitulo : {SISTEMA VISUAL} Grupo : {PROCEDIMIENTOS EN MUSCULOS EXTRAOCULARES} SubGrupo: {PROCEDIMIENTOS DE MUSCULOS EXTRAOCULARES UNO O AMBOS OJOS},29
Seccion : {PROCEDIMIENTOS QUIRURGICOS} Capitulo : {SISTEMA VISUAL} Grupo : {PROCEDIMIENTOS EN MUSCULOS EXTRAOCULARES} SubGrupo: {PROCEDIMIENTOS DIAGNOSTICOS EN MUSCULOS Y TENDONES EXTRAOCULARES},1
Seccion : {PROCEDIMIENTOS QUIRURGICOS} Capitulo : {SISTEMA VISUAL} Grupo : {PROCEDIMIENTOS EN PARPADOS} SubGrupo: {ESCISIONES O ABLACIONES DE LESION O TEJIDO DE PARPADO},63
Seccion : {PROCEDIMIENTOS QUIRURGICOS} Capitulo : {SISTEMA VISUAL} Grupo : {PROCEDIMIENTOS EN PARPADOS} SubGrupo: {OTRA RECONSTRUCCION DE PARPADOS},2
Seccion : {PROCEDIMIENTOS QUIRURGICOS} Capitulo : {SISTEMA VISUAL} Grupo : {PROCEDIMIENTOS EN PARPADOS} SubGrupo: {OTROS ARREGLOS DE POSICION DE BORDES PALPEBRALES},7
Seccion : {PROCEDIMIENTOS QUIRURGICOS} Capitulo : {SISTEMA VISUAL} Grupo : {PROCEDIMIENTOS EN PARPADOS} SubGrupo: {OTROS PROCEDIMIENTOS EN PARPADOS O CEJAS},9
Seccion : {PROCEDIMIENTOS QUIRURGICOS} Capitulo : {SISTEMA VISUAL} Grupo : {PROCEDIMIENTOS EN PARPADOS} SubGrupo: {PROCEDIMIENTOS DIAGNOSTICOS EN PARPADOS},1
Seccion : {PROCEDIMIENTOS QUIRURGICOS} Capitulo : {SISTEMA VISUAL} Grupo : {PROCEDIMIENTOS EN PARPADOS} SubGrupo: {RECONSTRUCCION DE PARPADO CON COLGAJO O INJERTO},24
Seccion : {PROCEDIMIENTOS QUIRURGICOS} Capitulo : {SISTEMA VISUAL} Grupo : {PROCEDIMIENTOS EN PARPADOS} SubGrupo: {REPARACION DE BLEFAROPTOSIS Y RETRACCION DE BORDES PALPEBRALES},11
Seccion : {PROCEDIMIENTOS QUIRURGICOS} Capitulo : {SISTEMA VISUAL} Grupo : {PROCEDIMIENTOS EN PARPADOS} SubGrupo: {REPARACION DE ENTROPION Y ECTROPION},13
Seccion : {PROCEDIMIENTOS QUIRURGICOS} Capitulo : {SISTEMA VISUAL} Grupo : {PROCEDIMIENTOS EN PARPADOS} SubGrupo: {REPARACION DE PARPADO},17
Seccion : {PROCEDIMIENTOS QUIRURGICOS} Capitulo : {SISTEMA VISUAL} Grupo : {PROCEDIMIENTOS EN RETINA COROIDES VITREO Y CAMARA POSTERIOR} SubGrupo: {ABLACION DE LESION EN RETINA Y COROIDES},5
Seccion : {PROCEDIMIENTOS QUIRURGICOS} Capitulo : {SISTEMA VISUAL} Grupo : {PROCEDIMIENTOS EN RETINA COROIDES VITREO Y CAMARA POSTERIOR} SubGrupo: {ASPIRACION DIAGNOSTICA},67
Seccion : {PROCEDIMIENTOS QUIRURGICOS} Capitulo : {SISTEMA VISUAL} Grupo : {PROCEDIMIENTOS EN RETINA COROIDES VITREO Y CAMARA POSTERIOR} SubGrupo: {IDENTACION},2
Seccion : {PROCEDIMIENTOS QUIRURGICOS} Capitulo : {SISTEMA VISUAL} Grupo : {PROCEDIMIENTOS EN RETINA COROIDES VITREO Y CAMARA POSTERIOR} SubGrupo: {PROCEDIMIENTOS EN CUERPO VITREO},77
Seccion : {PROCEDIMIENTOS QUIRURGICOS} Capitulo : {SISTEMA VISUAL} Grupo : {PROCEDIMIENTOS EN RETINA COROIDES VITREO Y CAMARA POSTERIOR} SubGrupo: {REPARACION DE RETINA},36
Seccion : {PROCEDIMIENTOS QUIRURGICOS} Capitulo : {SISTEMA VISUAL} Grupo : {PROCEDIMIENTOS EN RETINA COROIDES VITREO Y CAMARA POSTERIOR} SubGrupo: {RETIRO},1
Seccion : {PROCEDIMIENTOS QUIRURGICOS} Capitulo : {SISTEMA VISUAL} Grupo : {PROCEDIMIENTOS EN ORBITA Y GLOBO OCULAR} SubGrupo: {ENUCLEACION DEL GLOBO},1
Seccion : {PROCEDIMIENTOS QUIRURGICOS} Capitulo : {SISTEMA VISUAL} Grupo : {PROCEDIMIENTOS EN ORBITA Y GLOBO OCULAR} SubGrupo: {EVISCERACION DEL GLOBO},4
Seccion : {PROCEDIMIENTOS QUIRURGICOS} Capitulo : {SISTEMA VISUAL} Grupo : {PROCEDIMIENTOS EN ORBITA Y GLOBO OCULAR} SubGrupo: {EXENTERACION DE ORBITA},8
Seccion : {PROCEDIMIENTOS QUIRURGICOS} Capitulo : {SISTEMA VISUAL} Grupo : {PROCEDIMIENTOS EN ORBITA Y GLOBO OCULAR} SubGrupo: {EXTRACCION DE CUERPO EXTRAÑO PENETRANTE DE ORBITA},1
Seccion : {PROCEDIMIENTOS QUIRURGICOS} Capitulo : {SISTEMA VISUAL} Grupo : {PROCEDIMIENTOS EN ORBITA Y GLOBO OCULAR} SubGrupo: {PROCEDIMIENTOS DIAGNOSTICOS EN ORBITA Y GLOBO OCULAR},1
Seccion : {PROCEDIMIENTOS QUIRURGICOS} Capitulo : {SISTEMA VISUAL} Grupo : {PROCEDIMIENTOS EN ORBITA Y GLOBO OCULAR} SubGrupo: {PROCEDIMIENTOS EN ORBITA Y GLOBO OCULAR},54
Seccion : {PROCEDIMIENTOS NO QUIRURGICOS} Capitulo : {CONSULTA  MONITORIZACION Y PROCEDIMIENTOS DIAGNOSTICOS} Grupo : {CONSULTA  MONITORIZACION Y PROCEDIMIENTOS DIAGNOSTICOS} SubGrupo: {CONSULTA  MONITORIZACION Y PROCEDIMIENTOS DIAGNOSTICOS},1118
Seccion : {PROCEDIMIENTOS NO QUIRURGICOS} Capitulo : {CONSULTA  MONITORIZACION Y PROCEDIMIENTOS DIAGNOSTICOS} Grupo : {CONSULTA MEDICIONES ANATOMICAS FISIOLOGICAS EXAMENES MANUALES Y ANATOMOPATOLOGICOS} SubGrupo: {CONSULTA  MONITORIZACION Y PROCEDIMIENTOS DIAGNOSTICOS},9538
Seccion : {PROCEDIMIENTOS NO QUIRURGICOS} Capitulo : {DESEMPEÑO FUNCIONAL Y REHABILITACION} Grupo : {PROCEDIMIENTOS E INTERVENCIONES EN DESEMPEÑO FUNCIONAL REHABILITACION Y RELACIONADOS} SubGrupo: {PROCEDIMIENTOS E INTERVENCIONES EN DESEMPEÑO FUNCIONAL REHABILITACION Y RELACIONADOS},14753
Seccion : {PROCEDIMIENTOS NO QUIRURGICOS} Capitulo : {DIAGNOSTICO Y TRATAMIENTO EN SISTEMAS VISUAL Y AUDITIVO} Grupo : {PROCEDIMIENTOS E INTERVENCIONES NO QUIRURGICOS RELACIONADOS CON EL OJO Y OIDO} SubGrupo: {PROCEDIMIENTOS E INTERVENCIONES NO QUIRURGICOS RELACIONADOS CON EL OJO Y OIDO},834
Seccion : {PROCEDIMIENTOS NO QUIRURGICOS} Capitulo : {IMAGENOLOGIA} Grupo : {IMAGENOLOGIA CON OTRAS TECNICAS NO RADIOLOGICAS} SubGrupo: {IMAGENOLOGIA CON OTRAS TECNICAS NO RADIOLOGICAS},9850
Seccion : {PROCEDIMIENTOS NO QUIRURGICOS} Capitulo : {IMAGENOLOGIA} Grupo : {IMAGENOLOGIA RADIOLOGICA} SubGrupo: {IMAGENOLOGIA RADIOLOGICA},24968
Seccion : {PROCEDIMIENTOS NO QUIRURGICOS} Capitulo : {LABORATORIO CLINICO} Grupo : {LABORATORIO CLINICO} SubGrupo: {LABORATORIO CLINICO},114194
Seccion : {PROCEDIMIENTOS NO QUIRURGICOS} Capitulo : {MEDICINA NUCLEAR Y RADIOTERAPIA} Grupo : {MEDICINA NUCLEAR Y RADIOTERAPIA} SubGrupo: {MEDICINA NUCLEAR Y RADIOTERAPIA},92
Seccion : {PROCEDIMIENTOS NO QUIRURGICOS} Capitulo : {MEDICINA TRANSFUSIONAL Y BANCO DE SANGRE} Grupo : {BANCO DE SANGRE Y MEDICINA TRANSFUSIONAL} SubGrupo: {BANCO DE SANGRE Y MEDICINA TRANSFUSIONAL},533
Seccion : {PROCEDIMIENTOS NO QUIRURGICOS} Capitulo : {OTROS PROCEDIMIENTOS NO QUIRURGICOS} Grupo : {EXTRACCION DE CUERPO EXTRAÑO Y CALCULO NO OPERATORIO} SubGrupo: {EXTRACCIONES SIN INCISION DE CUERPO EXTRANO NO INTRALUMINAL},65
Seccion : {PROCEDIMIENTOS NO QUIRURGICOS} Capitulo : {OTROS PROCEDIMIENTOS NO QUIRURGICOS} Grupo : {EXTRACCION DE CUERPO EXTRAÑO Y CALCULO NO OPERATORIO} SubGrupo: {EXTRACCION SIN INCISION CUERPO EXTRAÑO INTRALUMINAL OTROS SITIOS},9
Seccion : {PROCEDIMIENTOS NO QUIRURGICOS} Capitulo : {OTROS PROCEDIMIENTOS NO QUIRURGICOS} Grupo : {INTUBACION E IRRIGACION NO QUIRURGICOS} SubGrupo: {DILATACION Y MANIPULACION NO QUIRURGICA},2
Seccion : {PROCEDIMIENTOS NO QUIRURGICOS} Capitulo : {OTROS PROCEDIMIENTOS NO QUIRURGICOS} Grupo : {INTUBACION E IRRIGACION NO QUIRURGICOS} SubGrupo: {INTUBACION NO OPERATORIA DE TRACTOS GASTROINTESTINAL Y RESPIRATORIO},33
Seccion : {PROCEDIMIENTOS NO QUIRURGICOS} Capitulo : {OTROS PROCEDIMIENTOS NO QUIRURGICOS} Grupo : {INTUBACION E IRRIGACION NO QUIRURGICOS} SubGrupo: {IRRIGACION LAVADO O LIMPIEZA E INSTILACION LOCAL NO QUIRURGICA DE OTROS ORGANOS DIGESTIVOS Y GENITOURINARIOS},35
Seccion : {PROCEDIMIENTOS NO QUIRURGICOS} Capitulo : {OTROS PROCEDIMIENTOS NO QUIRURGICOS} Grupo : {INTUBACION E IRRIGACION NO QUIRURGICOS} SubGrupo: {IRRIGACION LIMPIEZA E INSTILACION LOCAL DE TRACTO DIGESTIVO NO QUIRURGICA},54
Seccion : {PROCEDIMIENTOS NO QUIRURGICOS} Capitulo : {OTROS PROCEDIMIENTOS NO QUIRURGICOS} Grupo : {INTUBACION E IRRIGACION NO QUIRURGICOS} SubGrupo: {OTRA INSERCION NO QUIRURGICA},148
Seccion : {PROCEDIMIENTOS NO QUIRURGICOS} Capitulo : {OTROS PROCEDIMIENTOS NO QUIRURGICOS} Grupo : {INTUBACION E IRRIGACION NO QUIRURGICOS} SubGrupo: {OTRA IRRIGACION LAVADO LIMPIEZA O INSTILACION LOCAL NO QUIRURGICAS},434
Seccion : {PROCEDIMIENTOS NO QUIRURGICOS} Capitulo : {OTROS PROCEDIMIENTOS NO QUIRURGICOS} Grupo : {SUSTITUCION Y EXTRACCION DE DISPOSITIVOS TERAPEUTICOS} SubGrupo: {DILATACION Y MANIPULACION NO QUIRURGICA},6
Seccion : {PROCEDIMIENTOS NO QUIRURGICOS} Capitulo : {OTROS PROCEDIMIENTOS NO QUIRURGICOS} Grupo : {SUSTITUCION Y EXTRACCION DE DISPOSITIVOS TERAPEUTICOS} SubGrupo: {INFUSION ENTERAL DE SUSTANCIAS NUTRITIVAS CONCENTRADAS},15
Seccion : {PROCEDIMIENTOS NO QUIRURGICOS} Capitulo : {OTROS PROCEDIMIENTOS NO QUIRURGICOS} Grupo : {SUSTITUCION Y EXTRACCION DE DISPOSITIVOS TERAPEUTICOS} SubGrupo: {IRRIGACION LAVADO O LIMPIEZA E INSTILACION LOCAL NO QUIRURGICA DE OTROS ORGANOS DIGESTIVOS Y GENITOURINARIOS},22
Seccion : {PROCEDIMIENTOS NO QUIRURGICOS} Capitulo : {OTROS PROCEDIMIENTOS NO QUIRURGICOS} Grupo : {SUSTITUCION Y EXTRACCION DE DISPOSITIVOS TERAPEUTICOS} SubGrupo: {IRRIGACION LIMPIEZA E INSTILACION LOCAL DE TRACTO DIGESTIVO NO QUIRURGICA},134
Seccion : {PROCEDIMIENTOS NO QUIRURGICOS} Capitulo : {OTROS PROCEDIMIENTOS NO QUIRURGICOS} Grupo : {SUSTITUCION Y EXTRACCION DE DISPOSITIVOS TERAPEUTICOS} SubGrupo: {OTRA INSERCION NO QUIRURGICA},449
Seccion : {PROCEDIMIENTOS NO QUIRURGICOS} Capitulo : {OTROS PROCEDIMIENTOS NO QUIRURGICOS} Grupo : {SUSTITUCION Y EXTRACCION DE DISPOSITIVOS TERAPEUTICOS} SubGrupo: {SUSTITUCION NO QUIRURGICA DE DISPOSITVO GASTROINTESTINAL},20
Seccion : {PROCEDIMIENTOS NO QUIRURGICOS} Capitulo : {PROCEDIMIENTOS MISCELANEOS} Grupo : {PROCEDIMIENTOS PROFILACTICOS TERAPEUTICOS Y OTROS PROCEDIMIENTOS MISCELANEOS} SubGrupo: {PROCEDIMIENTOS PROFILACTICOS TERAPEUTICOS Y OTROS PROCEDIMIENTOS MISCELANEOS},12636
Seccion : {PROCEDIMIENTOS NO QUIRURGICOS} Capitulo : {SALUD MENTAL} Grupo : {PROCEDIMIENTOS RELACIONADOS CON LA PSIQUE} SubGrupo: {EVALUACION Y PRUEBAS PSICOLOGICAS},88
Seccion : {PROCEDIMIENTOS NO QUIRURGICOS} Capitulo : {SALUD MENTAL} Grupo : {PROCEDIMIENTOS RELACIONADOS CON LA PSIQUE} SubGrupo: {OTRAS MODALIDADES TERAPEUTICAS EN SALUD MENTAL},1741
Seccion : {PROCEDIMIENTOS NO QUIRURGICOS} Capitulo : {SALUD MENTAL} Grupo : {PROCEDIMIENTOS RELACIONADOS CON LA PSIQUE} SubGrupo: {PSICOTERAPIA},2473
Seccion : {PROCEDIMIENTOS NO QUIRURGICOS} Capitulo : {SALUD MENTAL} Grupo : {PROCEDIMIENTOS RELACIONADOS CON LA PSIQUE} SubGrupo: {SOMATOTERAPIA PSIQUIATRICA},1
Seccion : {PROCEDIMIENTOS E INTERVENCIONES SOBRE LA COMUNIDAD  SU ENTORNO Y SALUD} Capitulo : {PROCEDIMIENTOS E INTERVENCIONES COLECTIVAS} Grupo : {PREVENCION Y CONTROL DE LA ENFERMEDAD} SubGrupo: {PREVENCION Y CONTROL DE LA ENFERMEDAD},102
Seccion : {PROCEDIMIENTOS E INTERVENCIONES SOBRE LA COMUNIDAD  SU ENTORNO Y SALUD} Capitulo : {PROCEDIMIENTOS E INTERVENCIONES COLECTIVAS} Grupo : {PROMOCION O FOMENTO DE LA SALUD} SubGrupo: {PROMOCION O FOMENTO DE LA SALUD},4
Seccion : {PROCEDIMIENTOS E INTERVENCIONES HACIA LA PROTECCION  DE LA SALUD DE LOS TRABAJADORES} Capitulo : {PROCEDIMIENTOS E INTERVENCIONES SOBRE LAS CONDICIONES DE TRABAJO} Grupo : {HIGIENE INDUSTRIAL (OCUPACIONAL)} SubGrupo: {HIGIENE INDUSTRIAL (OCUPACIONAL)},1178
Seccion : {SERVICIOS DE SALUD} Capitulo : {LOS SERVICIOS DE SALUD} Grupo : {SERVICIO DE NUTRICION Y DIETETICA (ALIMENTACION)} SubGrupo: {SERVICIO DE NUTRICION Y DIETETICA (ALIMENTACION)},1
Seccion : {SERVICIOS DE SALUD} Capitulo : {LOS SERVICIOS DE SALUD} Grupo : {SERVICIOS DE INTERNACION (HOSPITALIZACION)} SubGrupo: {SERVICIOS DE INTERNACION (HOSPITALIZACION)},25
Seccion : {SERVICIOS DE SALUD} Capitulo : {LOS SERVICIOS DE SALUD} Grupo : {SERVICIOS DE SALA (TIPOS DE SALA)} SubGrupo: {SERVICIOS DE SALA (TIPOS DE SALA)},39
Seccion : {SERVICIOS DE SALUD} Capitulo : {LOS SERVICIOS DE SALUD} Grupo : {SERVICIOS DE TRASLADO (TRANSPORTE) DE PACIENTES} SubGrupo: {SERVICIOS DE TRASLADO (TRANSPORTE) DE PACIENTES},1345
